ds,trend,yhat_lower,yhat_upper,trend_lower,trend_upper,additive_terms,additive_terms_lower,additive_terms_upper,weekly,weekly_lower,weekly_upper,multiplicative_terms,multiplicative_terms_lower,multiplicative_terms_upper,yhat
2026-01-01,610601.348546,623005.7901556821,653875.2742901414,610601.348546,610601.348546,27674.644521957835,27674.644521957835,27674.644521957835,27674.644521957835,27674.644521957835,27674.644521957835,0.0,0.0,0.0,638275.9930679578
2026-01-02,610598.3882973646,625433.5887619993,654881.9825498039,610598.3882973646,610598.3882973646,29312.38636777178,29312.38636777178,29312.38636777178,29312.38636777178,29312.38636777178,29312.38636777178,0.0,0.0,0.0,639910.7746651364
2026-01-03,610595.4280487292,524774.4961475543,554519.5899267778,610595.4280487292,610595.4280487292,-70752.95182014813,-70752.95182014813,-70752.95182014813,-70752.95182014813,-70752.95182014813,-70752.95182014813,0.0,0.0,0.0,539842.476228581
2026-01-04,610592.4678000938,524236.34371132025,554260.8149122047,610592.4678000938,610592.4678000938,-71066.36249806653,-71066.36249806653,-71066.36249806653,-71066.36249806653,-71066.36249806653,-71066.36249806653,0.0,0.0,0.0,539526.1053020273
2026-01-05,610589.5075514584,622972.7186576788,654080.3058962055,610589.5075514584,610589.5075514584,27780.706161381666,27780.706161381666,27780.706161381666,27780.706161381666,27780.706161381666,27780.706161381666,0.0,0.0,0.0,638370.2137128401
2026-01-06,610586.547302823,625512.8102118531,654645.5683040489,610586.547302823,610586.547302823,29112.258145811174,29112.258145811174,29112.258145811174,29112.258145811174,29112.258145811174,29112.258145811174,0.0,0.0,0.0,639698.8054486342
2026-01-07,610583.5870541877,624972.0100272886,653065.0286464605,610583.5870541877,610583.5870541877,27939.319121264583,27939.319121264583,27939.319121264583,27939.319121264583,27939.319121264583,27939.319121264583,0.0,0.0,0.0,638522.9061754523
2026-01-08,610580.6268055523,623684.900312529,654630.4193903409,610580.6268055523,610580.6268055523,27674.644521949187,27674.644521949187,27674.644521949187,27674.644521949187,27674.644521949187,27674.644521949187,0.0,0.0,0.0,638255.2713275015
2026-01-09,610577.6665569169,624403.3006648178,655443.6269618797,610577.6665569169,610577.6665569169,29312.386367772953,29312.386367772953,29312.386367772953,29312.386367772953,29312.386367772953,29312.386367772953,0.0,0.0,0.0,639890.0529246898
2026-01-10,610574.7063082815,524767.9497013879,554069.7559204036,610574.7063082815,610574.7063082815,-70752.95182018,-70752.95182018,-70752.95182018,-70752.95182018,-70752.95182018,-70752.95182018,0.0,0.0,0.0,539821.7544881015
2026-01-11,610571.7460596461,524637.8860776833,554889.4348743354,610571.7460596461,610571.7460596461,-71066.3624979465,-71066.3624979465,-71066.3624979465,-71066.3624979465,-71066.3624979465,-71066.3624979465,0.0,0.0,0.0,539505.3835616997
2026-01-12,610568.7858110107,623855.905300273,652743.478454155,610568.7858110107,610568.7858110107,27780.706161379,27780.706161379,27780.706161379,27780.706161379,27780.706161379,27780.706161379,0.0,0.0,0.0,638349.4919723897
2026-01-13,610565.8255623754,625769.2652872163,653865.6525351428,610565.8255623754,610565.8255623754,29112.25814578225,29112.25814578225,29112.25814578225,29112.25814578225,29112.25814578225,29112.25814578225,0.0,0.0,0.0,639678.0837081576
2026-01-14,610562.8653092666,624482.7297437786,653264.6916290118,610562.8653092666,610562.8653092666,27939.31912126136,27939.31912126136,27939.31912126136,27939.31912126136,27939.31912126136,27939.31912126136,0.0,0.0,0.0,638502.184430528
2026-01-15,610559.9050561578,623789.6195966612,651639.5613160151,610559.9050561578,610559.9050561578,27674.644522014118,27674.644522014118,27674.644522014118,27674.644522014118,27674.644522014118,27674.644522014118,0.0,0.0,0.0,638234.5495781719
2026-01-16,610556.9448030492,625291.9761994837,654765.8813590144,610556.9448030492,610556.9448030492,29312.386367635256,29312.386367635256,29312.386367635256,29312.386367635256,29312.386367635256,29312.386367635256,0.0,0.0,0.0,639869.3311706844
2026-01-17,610553.9845499404,525595.4796170474,554184.1271634118,610553.9845499404,610553.9845499404,-70752.95181992551,-70752.95181992551,-70752.95181992551,-70752.95181992551,-70752.95181992551,-70752.95181992551,0.0,0.0,0.0,539801.032730015
2026-01-18,610551.0242968317,524276.9541657509,553762.8501630344,610551.0242968317,610551.0242968317,-71066.36249791618,-71066.36249791618,-71066.36249791618,-71066.36249791618,-71066.36249791618,-71066.36249791618,0.0,0.0,0.0,539484.6617989155
2026-01-19,610548.0640437229,622856.9773919957,652445.0078899235,610548.0640437229,610548.0640437229,27780.70616137633,27780.70616137633,27780.70616137633,27780.70616137633,27780.70616137633,27780.70616137633,0.0,0.0,0.0,638328.7702050993
2026-01-20,610545.1037906142,625394.1912420382,655051.9655615126,610545.1037906142,610545.1037906142,29112.258145795797,29112.258145795797,29112.258145795797,29112.258145795797,29112.258145795797,29112.258145795797,0.0,0.0,0.0,639657.36193641
2026-01-21,610542.1435375055,623405.4097128952,653786.8372342222,610542.1435375055,610542.1435375055,27939.31912126131,27939.31912126131,27939.31912126131,27939.31912126131,27939.31912126131,27939.31912126131,0.0,0.0,0.0,638481.4626587669
2026-01-22,610539.1832843968,624482.0065303828,653821.0110184754,610539.1832843968,610539.1832843968,27674.644521896615,27674.644521896615,27674.644521896615,27674.644521896615,27674.644521896615,27674.644521896615,0.0,0.0,0.0,638213.8278062934
2026-01-23,610536.223031288,625789.177824919,654625.017704735,610536.223031288,610536.223031288,29312.386367636413,29312.386367636413,29312.386367636413,29312.386367636413,29312.386367636413,29312.386367636413,0.0,0.0,0.0,639848.6093989244
2026-01-24,610533.2627781793,525271.1042604655,555242.2762243396,610533.2627781793,610533.2627781793,-70752.95181995738,-70752.95181995738,-70752.95181995738,-70752.95181995738,-70752.95181995738,-70752.95181995738,0.0,0.0,0.0,539780.3109582219
2026-01-25,610530.3025600319,524685.2153645777,555120.769441502,610530.3025600319,610530.3025600319,-71066.36249779613,-71066.36249779613,-71066.36249779613,-71066.36249779613,-71066.36249779613,-71066.36249779613,0.0,0.0,0.0,539463.9400622358
2026-01-26,610527.3423418845,622906.3716615611,654064.1890911352,610527.3423418845,610527.3423418845,27780.706161447015,27780.706161447015,27780.706161447015,27780.706161447015,27780.706161447015,27780.706161447015,0.0,0.0,0.0,638308.0485033315
2026-01-27,610524.3821237371,625521.0125523123,654396.3311187864,610524.3821237371,610524.3821237371,29112.25814572441,29112.25814572441,29112.25814572441,29112.25814572441,29112.25814572441,29112.25814572441,0.0,0.0,0.0,639636.6402694616
2026-01-28,610521.4219055896,621838.1281345645,653581.6175610808,610521.4219055896,610521.4219055896,27939.319121265526,27939.319121265526,27939.319121265526,27939.319121265526,27939.319121265526,27939.319121265526,0.0,0.0,0.0,638460.7410268552
2026-01-29,610518.4616874423,623260.4707330079,652461.3392207127,610518.4616874423,610518.4616874423,27674.644521961534,27674.644521961534,27674.644521961534,27674.644521961534,27674.644521961534,27674.644521961534,0.0,0.0,0.0,638193.1062094038
2026-01-30,610515.5014692949,624842.3462499696,655069.7792731512,610515.5014692949,610515.5014692949,29312.38636763758,29312.38636763758,29312.38636763758,29312.38636763758,29312.38636763758,29312.38636763758,0.0,0.0,0.0,639827.8878369324
2026-01-31,610512.5412511475,524629.6598515578,555121.5676729423,610512.5412511475,610512.5412511475,-70752.95182007762,-70752.95182007762,-70752.95182007762,-70752.95182007762,-70752.95182007762,-70752.95182007762,0.0,0.0,0.0,539759.5894310699
2026-02-01,610509.5810330001,524123.6324478261,554230.5911967059,610509.5810330001,610509.5810330001,-71066.36249776582,-71066.36249776582,-71066.36249776582,-71066.36249776582,-71066.36249776582,-71066.36249776582,0.0,0.0,0.0,539443.2185352343
2026-02-02,610506.6208148528,623317.6449117549,653515.5851977121,610506.6208148528,610506.6208148528,27780.706161146984,27780.706161146984,27780.706161146984,27780.706161146984,27780.706161146984,27780.706161146984,0.0,0.0,0.0,638287.3269759997
2026-02-03,610503.6605967054,624807.6129204407,654482.5908162323,610503.6605967054,610503.6605967054,29112.258145737946,29112.258145737946,29112.258145737946,29112.258145737946,29112.258145737946,29112.258145737946,0.0,0.0,0.0,639615.9187424433
2026-02-04,610500.7003785579,623925.2291857788,654890.7789333285,610500.7003785579,610500.7003785579,27939.319121265467,27939.319121265467,27939.319121265467,27939.319121265467,27939.319121265467,27939.319121265467,0.0,0.0,0.0,638440.0194998233
2026-02-05,610497.7401604105,623595.4627542372,652042.7395081916,610497.7401604105,610497.7401604105,27674.644521952887,27674.644521952887,27674.644521952887,27674.644521952887,27674.644521952887,27674.644521952887,0.0,0.0,0.0,638172.3846823634
2026-02-06,610494.7799038192,624683.3169969039,655446.4902937663,610494.7799038192,610494.7799038192,29312.386367569314,29312.386367569314,29312.386367569314,29312.386367569314,29312.386367569314,29312.386367569314,0.0,0.0,0.0,639807.1662713885
2026-02-07,610491.8196472279,525189.4110199534,555523.434546365,610491.8196472279,610491.8196472279,-70752.95182002119,-70752.95182002119,-70752.95182002119,-70752.95182002119,-70752.95182002119,-70752.95182002119,0.0,0.0,0.0,539738.8678272067
2026-02-08,610488.8593906366,524292.9546192279,554230.614476865,610488.8593906366,610488.8593906366,-71066.3624981047,-71066.3624981047,-71066.3624981047,-71066.3624981047,-71066.3624981047,-71066.3624981047,0.0,0.0,0.0,539422.4968925319
2026-02-09,610485.8991340454,622684.2250705708,653935.9611673974,610485.8991340454,610485.8991340454,27780.706161291044,27780.706161291044,27780.706161291044,27780.706161291044,27780.706161291044,27780.706161291044,0.0,0.0,0.0,638266.6052953363
2026-02-10,610482.938877454,624968.2586019024,655226.3762361908,610482.938877454,610482.938877454,29112.25814575148,29112.25814575148,29112.25814575148,29112.25814575148,29112.25814575148,29112.25814575148,0.0,0.0,0.0,639595.1970232055
2026-02-11,610479.9786208627,623414.5154882909,652422.2997768606,610479.9786208627,610479.9786208627,27939.319121262262,27939.319121262262,27939.319121262262,27939.319121262262,27939.319121262262,27939.319121262262,0.0,0.0,0.0,638419.297742125
2026-02-12,610477.0183642714,622176.2459288879,652903.2399942345,610477.0183642714,610477.0183642714,27674.644521981027,27674.644521981027,27674.644521981027,27674.644521981027,27674.644521981027,27674.644521981027,0.0,0.0,0.0,638151.6628862524
2026-02-13,610474.0581076802,625772.919345805,654275.3949151341,610474.0581076802,610474.0581076802,29312.386367859417,29312.386367859417,29312.386367859417,29312.386367859417,29312.386367859417,29312.386367859417,0.0,0.0,0.0,639786.4444755396
2026-02-14,610471.0978510889,524687.5643818008,554902.3405055978,610471.0978510889,610471.0978510889,-70752.9518201414,-70752.9518201414,-70752.9518201414,-70752.9518201414,-70752.9518201414,-70752.9518201414,0.0,0.0,0.0,539718.1460309474
2026-02-15,610468.1375944975,523867.0103014657,554486.619746486,610468.1375944975,610468.1375944975,-71066.36249807438,-71066.36249807438,-71066.36249807438,-71066.36249807438,-71066.36249807438,-71066.36249807438,0.0,0.0,0.0,539401.7750964231
2026-02-16,610465.1773379062,622716.9359954565,652466.9098142717,610465.1773379062,610465.1773379062,27780.70616128837,27780.70616128837,27780.70616128837,27780.70616128837,27780.70616128837,27780.70616128837,0.0,0.0,0.0,638245.8834991946
2026-02-17,610462.2170813149,624230.5083738042,653940.9144621909,610462.2170813149,610462.2170813149,29112.25814572256,29112.25814572256,29112.25814572256,29112.25814572256,29112.25814572256,29112.25814572256,0.0,0.0,0.0,639574.4752270374
2026-02-18,610459.2568107279,623230.6698377505,654403.7812686332,610459.2568107279,610459.2568107279,27939.319121265355,27939.319121265355,27939.319121265355,27939.319121265355,27939.319121265355,27939.319121265355,0.0,0.0,0.0,638398.5759319932
2026-02-19,610456.296540141,623630.0436669709,653099.1056050501,610456.296540141,610456.296540141,27674.644522009163,27674.644522009163,27674.644522009163,27674.644522009163,27674.644522009163,27674.644522009163,0.0,0.0,0.0,638130.9410621502
2026-02-20,610453.336269554,626341.0886478636,654791.0913566565,610453.336269554,610453.336269554,29312.386367721712,29312.386367721712,29312.386367721712,29312.386367721712,29312.386367721712,29312.386367721712,0.0,0.0,0.0,639765.7226372757
2026-02-21,610450.375998967,525041.3921279652,553672.1656577772,610450.375998967,610450.375998967,-70752.95182026162,-70752.95182026162,-70752.95182026162,-70752.95182026162,-70752.95182026162,-70752.95182026162,0.0,0.0,0.0,539697.4241787053
2026-02-22,610447.41572838,524020.5487520573,552786.1289009309,610447.41572838,610447.41572838,-71066.36249795434,-71066.36249795434,-71066.36249795434,-71066.36249795434,-71066.36249795434,-71066.36249795434,0.0,0.0,0.0,539381.0532304256
2026-02-23,610444.455457793,623414.3992806037,653766.4053687762,610444.455457793,610444.455457793,27780.706161359067,27780.706161359067,27780.706161359067,27780.706161359067,27780.706161359067,27780.706161359067,0.0,0.0,0.0,638225.1616191521
2026-02-24,610441.495187206,624262.8794532081,653292.6931286204,610441.495187206,610441.495187206,29112.25814584216,29112.25814584216,29112.25814584216,29112.25814584216,29112.25814584216,29112.25814584216,0.0,0.0,0.0,639553.7533330481
2026-02-25,610438.5349166191,623458.1263296219,652783.0715335235,610438.5349166191,610438.5349166191,27939.319121266424,27939.319121266424,27939.319121266424,27939.319121266424,27939.319121266424,27939.319121266424,0.0,0.0,0.0,638377.8540378856
2026-02-26,610435.5746460321,623911.4627656932,652682.314500878,610435.5746460321,610435.5746460321,27674.644522037306,27674.644522037306,27674.644522037306,27674.644522037306,27674.644522037306,27674.644522037306,0.0,0.0,0.0,638110.2191680694
2026-02-27,610432.6143754451,624524.7624064764,654246.483044828,610432.6143754451,610432.6143754451,29312.38636772288,29312.38636772288,29312.38636772288,29312.38636772288,29312.38636772288,29312.38636772288,0.0,0.0,0.0,639745.0007431679
2026-02-28,610429.654104858,523200.6878113947,555053.257407377,610429.654104858,610429.654104858,-70752.95182029353,-70752.95182029353,-70752.95182029353,-70752.95182029353,-70752.95182029353,-70752.95182029353,0.0,0.0,0.0,539676.7022845645
2026-03-01,610426.6937847894,523665.6931737083,554282.0003260869,610426.6937847894,610426.6937847894,-71066.36249820347,-71066.36249820347,-71066.36249820347,-71066.36249820347,-71066.36249820347,-71066.36249820347,0.0,0.0,0.0,539360.3312865859
2026-03-02,610423.7334647207,623063.8020661717,653008.8970012086,610423.7334647207,610423.7334647207,27780.706161429756,27780.706161429756,27780.706161429756,27780.706161429756,27780.706161429756,27780.706161429756,0.0,0.0,0.0,638204.4396261504
2026-03-03,610420.7731446518,625058.9170308165,654757.850273498,610420.7731446518,610420.7731446518,29112.25814577077,29112.25814577077,29112.25814577077,29112.25814577077,29112.25814577077,29112.25814577077,0.0,0.0,0.0,639533.0312904225
2026-03-04,610417.8128245831,621506.6580451484,651910.7098014457,610417.8128245831,610417.8128245831,27939.319121269516,27939.319121269516,27939.319121269516,27939.319121269516,27939.319121269516,27939.319121269516,0.0,0.0,0.0,638357.1319458527
2026-03-05,610414.8525045144,622771.1965499957,653808.4331633834,610414.8525045144,610414.8525045144,27674.644522028655,27674.644522028655,27674.644522028655,27674.644522028655,27674.644522028655,27674.644522028655,0.0,0.0,0.0,638089.497026543
2026-03-06,610411.8921844458,625100.6008672598,654533.3996780497,610411.8921844458,610411.8921844458,29312.386367654606,29312.386367654606,29312.386367654606,29312.386367654606,29312.386367654606,29312.386367654606,0.0,0.0,0.0,639724.2785521004
2026-03-07,610408.9318643769,523896.22560965543,553637.7848999171,610408.9318643769,610408.9318643769,-70752.95182003903,-70752.95182003903,-70752.95182003903,-70752.95182003903,-70752.95182003903,-70752.95182003903,0.0,0.0,0.0,539655.9800443378
2026-03-08,610405.9715443081,525224.1041916672,554764.1975865337,610405.9715443081,610405.9715443081,-71066.36249808343,-71066.36249808343,-71066.36249808343,-71066.36249808343,-71066.36249808343,-71066.36249808343,0.0,0.0,0.0,539339.6090462247
2026-03-09,610403.0112242395,622949.4789524808,653693.1430647335,610403.0112242395,610403.0112242395,27780.706161500453,27780.706161500453,27780.706161500453,27780.706161500453,27780.706161500453,27780.706161500453,0.0,0.0,0.0,638183.7173857399
2026-03-10,610400.0509041707,624757.4800978965,654369.3258512437,610400.0509041707,610400.0509041707,29112.25814578431,29112.25814578431,29112.25814578431,29112.25814578431,29112.25814578431,29112.25814578431,0.0,0.0,0.0,639512.309049955
2026-03-11,610397.090584102,622024.3617292988,653674.5871782937,610397.090584102,610397.090584102,27939.3191212663,27939.3191212663,27939.3191212663,27939.3191212663,27939.3191212663,27939.3191212663,0.0,0.0,0.0,638336.4097053682
2026-03-12,610394.1302640332,623075.0542663315,652752.0331785042,610394.1302640332,610394.1302640332,27674.64452194794,27674.64452194794,27674.64452194794,27674.64452194794,27674.64452194794,27674.64452194794,0.0,0.0,0.0,638068.7747859812
2026-03-13,610391.1699751872,624380.8228114428,655462.8052020583,610391.1699751872,610391.1699751872,29312.386367586343,29312.386367586343,29312.386367586343,29312.386367586343,29312.386367586343,29312.386367586343,0.0,0.0,0.0,639703.5563427735
2026-03-14,610388.2096863411,523686.2675754406,553733.8430736148,610388.2096863411,610388.2096863411,-70752.95181998258,-70752.95181998258,-70752.95181998258,-70752.95181998258,-70752.95181998258,-70752.95181998258,0.0,0.0,0.0,539635.2578663585
2026-03-15,610385.249397495,524379.4910857392,554471.7247524832,610385.249397495,610385.249397495,-71066.36249814284,-71066.36249814284,-71066.36249814284,-71066.36249814284,-71066.36249814284,-71066.36249814284,0.0,0.0,0.0,539318.8868993521
2026-03-16,610382.2891086489,623085.6238908321,652090.68482646,610382.2891086489,610382.2891086489,27780.706161497776,27780.706161497776,27780.706161497776,27780.706161497776,27780.706161497776,27780.706161497776,0.0,0.0,0.0,638162.9952701466
2026-03-17,610379.3288198028,624560.9325214562,654185.5865704062,610379.3288198028,610379.3288198028,29112.258145755382,29112.258145755382,29112.258145755382,29112.258145755382,29112.258145755382,29112.258145755382,0.0,0.0,0.0,639491.5869655582
2026-03-18,610376.3685309568,623440.8202627492,653049.4820741912,610376.3685309568,610376.3685309568,27939.31912126309,27939.31912126309,27939.31912126309,27939.31912126309,27939.31912126309,27939.31912126309,0.0,0.0,0.0,638315.6876522199
2026-03-19,610373.4082421106,623521.5967619391,653158.2887074006,610373.4082421106,610373.4082421106,27674.644521939303,27674.644521939303,27674.644521939303,27674.644521939303,27674.644521939303,27674.644521939303,0.0,0.0,0.0,638048.05276405
2026-03-20,610370.4479532646,624598.0134145045,654643.4568759416,610370.4479532646,610370.4479532646,29312.386367518066,29312.386367518066,29312.386367518066,29312.386367518066,29312.386367518066,29312.386367518066,0.0,0.0,0.0,639682.8343207827
2026-03-21,610367.4876644185,525668.6827515891,554448.3717399882,610367.4876644185,610367.4876644185,-70752.95182010283,-70752.95182010283,-70752.95182010283,-70752.95182010283,-70752.95182010283,-70752.95182010283,0.0,0.0,0.0,539614.5358443157
2026-03-22,610364.5273755725,524808.3917769794,554821.8572299866,610364.5273755725,610364.5273755725,-71066.36249802279,-71066.36249802279,-71066.36249802279,-71066.36249802279,-71066.36249802279,-71066.36249802279,0.0,0.0,0.0,539298.1648775497
2026-03-23,610361.5670867263,622858.4059562763,652948.1063165951,610361.5670867263,610361.5670867263,27780.706161271108,27780.706161271108,27780.706161271108,27780.706161271108,27780.706161271108,27780.706161271108,0.0,0.0,0.0,638142.2732479974
2026-03-24,610339.8098708949,624873.0720936393,653855.9294898448,610339.8098708949,610339.8098708949,29112.25814583252,29112.25814583252,29112.25814583252,29112.25814583252,29112.25814583252,29112.25814583252,0.0,0.0,0.0,639452.0680167275
2026-03-25,610318.0526550635,623747.8367977799,653444.2307162248,610318.0526550635,610318.0526550635,27939.319121266184,27939.319121266184,27939.319121266184,27939.319121266184,27939.319121266184,27939.319121266184,0.0,0.0,0.0,638257.3717763296
2026-03-26,610296.2954392319,622761.1247585451,652620.2387424896,610296.2954392319,610296.2954392319,27674.644522004222,27674.644522004222,27674.644522004222,27674.644522004222,27674.644522004222,27674.644522004222,0.0,0.0,0.0,637970.9399612361
2026-03-27,610274.5382234005,624318.6877396707,654352.9235962968,610274.5382234005,610274.5382234005,29312.386367519233,29312.386367519233,29312.386367519233,29312.386367519233,29312.386367519233,29312.386367519233,0.0,0.0,0.0,639586.9245909197
2026-03-28,610252.781007569,524639.1426884716,553434.3185285915,610252.781007569,610252.781007569,-70752.95181984833,-70752.95181984833,-70752.95181984833,-70752.95181984833,-70752.95181984833,-70752.95181984833,0.0,0.0,0.0,539499.8291877208
2026-03-29,610231.0237917376,523771.29078674543,553321.7989480409,610231.0237917376,610231.0237917376,-71066.36249790275,-71066.36249790275,-71066.36249790275,-71066.36249790275,-71066.36249790275,-71066.36249790275,0.0,0.0,0.0,539164.6612938349
2026-03-30,610209.2665759061,624083.1272167714,652689.8040522106,610209.2665759061,610209.2665759061,27780.70616126844,27780.70616126844,27780.70616126844,27780.70616126844,27780.70616126844,27780.70616126844,0.0,0.0,0.0,637989.9727371745
2026-03-31,610187.5093600746,623919.0913563543,654619.4589091858,610187.5093600746,610187.5093600746,29112.258145803597,29112.258145803597,29112.258145803597,29112.258145803597,29112.258145803597,29112.258145803597,0.0,0.0,0.0,639299.7675058782
2026-04-01,610165.7521442432,622160.9339898155,652979.9334766833,610165.7521442432,610165.7521442432,27939.319121262964,27939.319121262964,27939.319121262964,27939.319121262964,27939.319121262964,27939.319121262964,0.0,0.0,0.0,638105.0712655062
2026-04-02,610143.9949284117,622336.7267870129,653470.764810546,610143.9949284117,610143.9949284117,27674.64452199558,27674.64452199558,27674.64452199558,27674.64452199558,27674.64452199558,27674.64452199558,0.0,0.0,0.0,637818.6394504072
2026-04-03,610122.2377125802,625415.7538469585,654168.4586551989,610122.2377125802,610122.2377125802,29312.3863677399,29312.3863677399,29312.3863677399,29312.3863677399,29312.3863677399,29312.3863677399,0.0,0.0,0.0,639434.6240803201
2026-04-04,610100.4804967487,524087.43000431877,554236.1056650019,610100.4804967487,610100.4804967487,-70752.95181996856,-70752.95181996856,-70752.95181996856,-70752.95181996856,-70752.95181996856,-70752.95181996856,0.0,0.0,0.0,539347.5286767802
2026-04-05,609692.8018898019,524778.5088021783,555090.0432350561,609692.8018898019,609692.8018898019,-71066.36249796218,-71066.36249796218,-71066.36249796218,-71066.36249796218,-71066.36249796218,-71066.36249796218,0.0,0.0,0.0,538626.4393918397
2026-04-06,609285.123282855,622341.8088637331,651666.0873162999,609285.123282855,609285.123282855,27780.706161412498,27780.706161412498,27780.706161412498,27780.706161412498,27780.706161412498,27780.706161412498,0.0,0.0,0.0,637065.8294442676
2026-04-07,608877.4446759082,622755.76161236,654050.1414670653,608877.4446759082,608877.4446759082,29112.258145774675,29112.258145774675,29112.258145774675,29112.258145774675,29112.258145774675,29112.258145774675,0.0,0.0,0.0,637989.7028216829
2026-04-08,608469.7660689614,621419.2291582589,651825.3992119869,608469.7660689614,608469.7660689614,27939.31912126718,27939.31912126718,27939.31912126718,27939.31912126718,27939.31912126718,27939.31912126718,0.0,0.0,0.0,636409.0851902285
2026-04-09,608062.0874620145,620477.1931037009,650884.5535536577,608062.0874620145,608062.0874620145,27674.644521986927,27674.644521986927,27674.644521986927,27674.644521986927,27674.644521986927,27674.644521986927,0.0,0.0,0.0,635736.7319840015
2026-04-10,607654.4088550677,622718.0024135752,652124.4305763198,607654.4088550677,607654.4088550677,29312.386367671625,29312.386367671625,29312.386367671625,29312.386367671625,29312.386367671625,29312.386367671625,0.0,0.0,0.0,636966.7952227393
2026-04-11,607246.7302481207,522221.8598884938,551519.6342321171,607246.7302481207,607246.7302481207,-70752.95182000044,-70752.95182000044,-70752.95182000044,-70752.95182000044,-70752.95182000044,-70752.95182000044,0.0,0.0,0.0,536493.7784281203
2026-04-12,606839.0516411739,520448.9096605193,550298.0631458702,606839.0516411739,606839.0516411739,-71066.36249784211,-71066.36249784211,-71066.36249784211,-71066.36249784211,-71066.36249784211,-71066.36249784211,0.0,0.0,0.0,535772.6891433317
2026-04-13,606431.373034227,618050.9040677291,648779.3952085491,606431.373034227,606431.373034227,27780.70616140983,27780.70616140983,27780.70616140983,27780.70616140983,27780.70616140983,27780.70616140983,0.0,0.0,0.0,634212.0791956369
2026-04-14,606023.6944272802,621409.6330546122,650995.7403054086,606023.6944272802,606023.6944272802,29112.258145745756,29112.258145745756,29112.258145745756,29112.258145745756,29112.258145745756,29112.258145745756,0.0,0.0,0.0,635135.952573026
2026-04-15,605616.0158203334,618932.4034448736,648459.9921979512,605616.0158203334,605616.0158203334,27939.319121263976,27939.319121263976,27939.319121263976,27939.319121263976,27939.319121263976,27939.319121263976,0.0,0.0,0.0,633555.3349415973
2026-04-16,605208.3372133865,617701.1858458369,646779.9450033756,605208.3372133865,605208.3372133865,27674.644522051858,27674.644522051858,27674.644522051858,27674.644522051858,27674.644522051858,27674.644522051858,0.0,0.0,0.0,632882.9817354385
2026-04-17,604526.1396626704,618508.7706475692,648105.6526429027,604526.1396626704,604526.1396626704,29312.386367533923,29312.386367533923,29312.386367533923,29312.386367533923,29312.386367533923,29312.386367533923,0.0,0.0,0.0,633838.5260302044
2026-04-18,603843.9421119543,517633.6252371626,547541.2873596994,603843.9421119543,603843.9421119543,-70752.95182003234,-70752.95182003234,-70752.95182003234,-70752.95182003234,-70752.95182003234,-70752.95182003234,0.0,0.0,0.0,533090.990291922
2026-04-19,603161.7445612383,516085.3175259505,547466.0811661079,603161.7445612383,603161.7445612383,-71066.36249809126,-71066.36249809126,-71066.36249809126,-71066.36249809126,-71066.36249809126,-71066.36249809126,0.0,0.0,0.0,532095.382063147
2026-04-20,602479.5470105222,615184.6874093325,644626.605692928,602479.5470105222,602479.5470105222,27780.706161256527,27780.706161256527,27780.706161256527,27780.706161256527,27780.706161256527,27780.706161256527,0.0,0.0,0.0,630260.2531717787
2026-04-21,601797.3494598061,614830.8709704592,645227.3488208317,601797.3494598061,601797.3494598061,29112.258145759297,29112.258145759297,29112.258145759297,29112.258145759297,29112.258145759297,29112.258145759297,0.0,0.0,0.0,630909.6076055655
2026-04-22,601115.15190909,614041.9742457786,644650.8218087376,601115.15190909,601115.15190909,27939.319121263918,27939.319121263918,27939.319121263918,27939.319121263918,27939.319121263918,27939.319121263918,0.0,0.0,0.0,629054.4710303539
2026-04-23,600432.954358374,613169.6183770925,643734.1135886747,600432.954358374,600432.954358374,27674.644522043207,27674.644522043207,27674.644522043207,27674.644522043207,27674.644522043207,27674.644522043207,0.0,0.0,0.0,628107.5988804172
2026-04-24,599750.7568076579,615917.999861466,644015.1089079818,599750.7568076579,599750.7568076579,29312.38636782403,29312.38636782403,29312.38636782403,29312.38636782403,29312.38636782403,29312.38636782403,0.0,0.0,0.0,629063.1431754819
2026-04-25,599068.5592569418,513056.8785510075,543970.5350304871,599068.5592569418,599068.5592569418,-70752.95182006422,-70752.95182006422,-70752.95182006422,-70752.95182006422,-70752.95182006422,-70752.95182006422,0.0,0.0,0.0,528315.6074368776
2026-04-26,598386.3617062258,513943.6769399808,542277.2309982806,598386.3617062258,598386.3617062258,-71066.3624979712,-71066.3624979712,-71066.3624979712,-71066.3624979712,-71066.3624979712,-71066.3624979712,0.0,0.0,0.0,527319.9992082546
2026-04-27,597704.1641555097,610191.5180041927,641933.7511026057,597704.1641555097,597704.1641555097,27780.706161253853,27780.706161253853,27780.706161253853,27780.706161253853,27780.706161253853,27780.706161253853,0.0,0.0,0.0,625484.8703167635
2026-04-28,597021.9665769798,611600.7833066824,641266.1126669793,597021.9665769798,597021.9665769798,29112.2581456879,29112.2581456879,29112.2581456879,29112.2581456879,29112.2581456879,29112.2581456879,0.0,0.0,0.0,626134.2247226677
2026-04-29,596339.76899845,610149.8403617636,639207.9152699163,596339.76899845,596339.76899845,27939.31912126385,27939.31912126385,27939.31912126385,27939.31912126385,27939.31912126385,27939.31912126385,0.0,0.0,0.0,624279.0881197138
2026-04-30,595657.5714199203,608335.276667768,637748.7011910712,595657.5714199203,595657.5714199203,27674.64452196249,27674.64452196249,27674.64452196249,27674.64452196249,27674.64452196249,27674.64452196249,0.0,0.0,0.0,623332.2159418828
2026-05-01,594975.3738413905,609540.6373924314,638162.748926329,594975.3738413905,594975.3738413905,29312.38636775576,29312.38636775576,29312.38636775576,29312.38636775576,29312.38636775576,29312.38636775576,0.0,0.0,0.0,624287.7602091462
2026-05-02,594293.1762628608,509644.1129126646,537686.7704458439,594293.1762628608,594293.1762628608,-70752.95182018443,-70752.95182018443,-70752.95182018443,-70752.95182018443,-70752.95182018443,-70752.95182018443,0.0,0.0,0.0,523540.22444267635
2026-05-03,593610.9786843309,506833.51767313946,537090.8642826314,593610.9786843309,593610.9786843309,-71066.3624979409,-71066.3624979409,-71066.3624979409,-71066.3624979409,-71066.3624979409,-71066.3624979409,0.0,0.0,0.0,522544.61618639005
2026-05-04,592928.7811058011,607134.4243041368,634850.0934599498,592928.7811058011,592928.7811058011,27780.70616125119,27780.70616125119,27780.70616125119,27780.70616125119,27780.70616125119,27780.70616125119,0.0,0.0,0.0,620709.4872670523
2026-05-05,592246.5835272713,606936.868068932,636316.7986392133,592246.5835272713,592246.5835272713,29112.258145807496,29112.258145807496,29112.258145807496,29112.258145807496,29112.258145807496,29112.258145807496,0.0,0.0,0.0,621358.8416730788
2026-05-06,591564.3859487415,603700.0606246957,633327.5638574362,591564.3859487415,591564.3859487415,27939.319121263794,27939.319121263794,27939.319121263794,27939.319121263794,27939.319121263794,27939.319121263794,0.0,0.0,0.0,619503.7050700053
2026-05-07,590882.1883702117,604256.5699879808,633721.850248834,590882.1883702117,590882.1883702117,27674.644521990638,27674.644521990638,27674.644521990638,27674.644521990638,27674.644521990638,27674.644521990638,0.0,0.0,0.0,618556.8328922024
2026-05-08,590199.9907916819,605347.9397183174,634407.3478018716,590199.9907916819,590199.9907916819,29312.386367756928,29312.386367756928,29312.386367756928,29312.386367756928,29312.386367756928,29312.386367756928,0.0,0.0,0.0,619512.3771594388
2026-05-09,589517.7932131522,504674.2423097125,534596.7928779139,589517.7932131522,589517.7932131522,-70752.95182012802,-70752.95182012802,-70752.95182012802,-70752.95182012802,-70752.95182012802,-70752.95182012802,0.0,0.0,0.0,518764.8413930242
2026-05-10,589074.0819992762,503083.847352987,531666.7879638362,589074.0819992762,589074.0819992762,-71066.36249791058,-71066.36249791058,-71066.36249791058,-71066.36249791058,-71066.36249791058,-71066.36249791058,0.0,0.0,0.0,518007.7195013656
2026-05-11,588630.3707854003,601089.7758891684,630495.050743793,588630.3707854003,588630.3707854003,27780.70616139524,27780.70616139524,27780.70616139524,27780.70616139524,27780.70616139524,27780.70616139524,0.0,0.0,0.0,616411.0769467955
2026-05-12,588186.6595715242,602802.4266674282,632382.1372145023,588186.6595715242,588186.6595715242,29112.258145778575,29112.258145778575,29112.258145778575,29112.258145778575,29112.258145778575,29112.258145778575,0.0,0.0,0.0,617298.9177173028
2026-05-13,587742.9483576483,600047.7758156785,630172.1512715894,587742.9483576483,587742.9483576483,27939.319121260585,27939.319121260585,27939.319121260585,27939.319121260585,27939.319121260585,27939.319121260585,0.0,0.0,0.0,615682.2674789089
2026-05-14,587299.2371437724,599256.1819481966,630145.2748904913,587299.2371437724,587299.2371437724,27674.644522018767,27674.644522018767,27674.644522018767,27674.644522018767,27674.644522018767,27674.644522018767,0.0,0.0,0.0,614973.8816657912
2026-05-15,586855.5259298964,600754.0152277236,630556.4108185796,586855.5259298964,586855.5259298964,29312.386367758096,29312.386367758096,29312.386367758096,29312.386367758096,29312.386367758096,29312.386367758096,0.0,0.0,0.0,616167.9122976544
2026-05-16,586411.8147160205,499774.5106157249,529789.3850852802,586411.8147160205,586411.8147160205,-70752.95181996186,-70752.95181996186,-70752.95181996186,-70752.95181996186,-70752.95181996186,-70752.95181996186,0.0,0.0,0.0,515658.8628960586
2026-05-17,585968.1035021446,499333.29676059406,529863.2897616903,585968.1035021446,585968.1035021446,-71066.36249788027,-71066.36249788027,-71066.36249788027,-71066.36249788027,-71066.36249788027,-71066.36249788027,0.0,0.0,0.0,514901.74100426433
2026-05-18,585524.3922882687,598343.0425555329,629501.7192470181,585524.3922882687,585524.3922882687,27780.706161392573,27780.706161392573,27780.706161392573,27780.706161392573,27780.706161392573,27780.706161392573,0.0,0.0,0.0,613305.0984496613
2026-05-19,585080.6810743926,599031.0133238147,629757.2747717988,585080.6810743926,585080.6810743926,29112.25814579212,29112.25814579212,29112.25814579212,29112.25814579212,29112.25814579212,29112.25814579212,0.0,0.0,0.0,614192.9392201847
2026-05-20,584636.9698605167,597189.3936375781,628116.5008220219,584636.9698605167,584636.9698605167,27939.31912126368,27939.31912126368,27939.31912126368,27939.31912126368,27939.31912126368,27939.31912126368,0.0,0.0,0.0,612576.2889817804
2026-05-21,584193.2586466407,597311.3941016772,626793.0317272265,584193.2586466407,584193.2586466407,27674.644521938055,27674.644521938055,27674.644521938055,27674.644521938055,27674.644521938055,27674.644521938055,0.0,0.0,0.0,611867.9031685787
2026-05-22,585094.0354208802,599241.661679225,628291.0449121958,585094.0354208802,585094.0354208802,29312.386367620387,29312.386367620387,29312.386367620387,29312.386367620387,29312.386367620387,29312.386367620387,0.0,0.0,0.0,614406.4217885006
2026-05-23,585994.8121951196,499422.692705445,530768.4188695964,585994.8121951196,585994.8121951196,-70752.95181999373,-70752.95181999373,-70752.95181999373,-70752.95181999373,-70752.95181999373,-70752.95181999373,0.0,0.0,0.0,515241.86037512583
2026-05-24,586895.588969359,502065.46650643303,530672.3722267777,586895.588969359,586895.588969359,-71066.36249812941,-71066.36249812941,-71066.36249812941,-71066.36249812941,-71066.36249812941,-71066.36249812941,0.0,0.0,0.0,515829.22647122963
2026-05-25,587796.3657435986,601116.012350041,630507.5005598956,587796.3657435986,587796.3657435986,27780.706161463262,27780.706161463262,27780.706161463262,27780.706161463262,27780.706161463262,27780.706161463262,0.0,0.0,0.0,615577.0719050618
2026-05-26,588697.1425178379,602339.0179471789,632133.9237242076,588697.1425178379,588697.1425178379,29112.258145805656,29112.258145805656,29112.258145805656,29112.258145805656,29112.258145805656,29112.258145805656,0.0,0.0,0.0,617809.4006636436
2026-05-27,589597.9192920773,602261.647661536,631551.0777746476,589597.9192920773,589597.9192920773,27939.319121264747,27939.319121264747,27939.319121264747,27939.319121264747,27939.319121264747,27939.319121264747,0.0,0.0,0.0,617537.238413342
2026-05-28,590498.6960663168,602349.7968220614,632549.4305437485,590498.6960663168,590498.6960663168,27674.644521966202,27674.644521966202,27674.644521966202,27674.644521966202,27674.644521966202,27674.644521966202,0.0,0.0,0.0,618173.340588283
2026-05-29,591399.4728405562,605085.0477817588,636581.2919464939,591399.4728405562,591399.4728405562,29312.38636762156,29312.38636762156,29312.38636762156,29312.38636762156,29312.38636762156,29312.38636762156,0.0,0.0,0.0,620711.8592081778
2026-05-30,592300.2496147957,505787.9667012292,535438.5489693898,592300.2496147957,592300.2496147957,-70752.95182011396,-70752.95182011396,-70752.95182011396,-70752.95182011396,-70752.95182011396,-70752.95182011396,0.0,0.0,0.0,521547.29779468174
2026-05-31,593201.026389035,507536.10705100506,537566.4173019573,593201.026389035,593201.026389035,-71066.36249809909,-71066.36249809909,-71066.36249809909,-71066.36249809909,-71066.36249809909,-71066.36249809909,0.0,0.0,0.0,522134.66389093595
2026-06-01,594101.8031632744,606683.2652230345,636916.9306780982,594101.8031632744,594101.8031632744,27780.70616123659,27780.70616123659,27780.70616123659,27780.70616123659,27780.70616123659,27780.70616123659,0.0,0.0,0.0,621882.509324511
2026-06-02,595491.2851224755,609243.7861871017,639498.5828542367,595491.2851224755,595491.2851224755,29112.258145734268,29112.258145734268,29112.258145734268,29112.258145734268,29112.258145734268,29112.258145734268,0.0,0.0,0.0,624603.5432682098
2026-06-03,596880.7670816765,609696.0360174181,639225.236216691,596880.7670816765,596880.7670816765,27939.319121267843,27939.319121267843,27939.319121267843,27939.319121267843,27939.319121267843,27939.319121267843,0.0,0.0,0.0,624820.0862029444
2026-06-04,598270.2490408774,612090.9067934209,641231.2970750328,598270.2490408774,598270.2490408774,27674.644521957547,27674.644521957547,27674.644521957547,27674.644521957547,27674.644521957547,27674.644521957547,0.0,0.0,0.0,625944.893562835
2026-06-05,599659.7310000784,612908.9517314932,644170.4808023482,599659.7310000784,599659.7310000784,29312.38636755328,29312.38636755328,29312.38636755328,29312.38636755328,29312.38636755328,29312.38636755328,0.0,0.0,0.0,628972.1173676316
2026-06-06,601049.2129592793,514382.98222097306,545491.0546138919,601049.2129592793,601049.2129592793,-70752.95182023419,-70752.95182023419,-70752.95182023419,-70752.95182023419,-70752.95182023419,-70752.95182023419,0.0,0.0,0.0,530296.2611390451
2026-06-07,602438.6949184804,515967.8857177563,546729.6706439351,602438.6949184804,602438.6949184804,-71066.36249797905,-71066.36249797905,-71066.36249797905,-71066.36249797905,-71066.36249797905,-71066.36249797905,0.0,0.0,0.0,531372.3324205013
2026-06-08,603828.1768776814,615915.6915973786,646699.0181268724,603828.1768776814,603828.1768776814,27780.706161307295,27780.706161307295,27780.706161307295,27780.706161307295,27780.706161307295,27780.706161307295,0.0,0.0,0.0,631608.8830389887
2026-06-09,605217.6588368823,620045.8792054403,648440.8703104728,605217.6588368823,605217.6588368823,29112.258145747805,29112.258145747805,29112.258145747805,29112.258145747805,29112.258145747805,29112.258145747805,0.0,0.0,0.0,634329.9169826302
2026-06-10,606607.1407960833,619379.4212813032,649320.865762682,606607.1407960833,606607.1407960833,27939.319121264634,27939.319121264634,27939.319121264634,27939.319121264634,27939.319121264634,27939.319121264634,0.0,0.0,0.0,634546.4599173479
2026-06-11,607996.6227552843,620395.849271433,650943.9354591969,607996.6227552843,607996.6227552843,27674.644521985683,27674.644521985683,27674.644521985683,27674.644521985683,27674.644521985683,27674.644521985683,0.0,0.0,0.0,635671.26727727
2026-06-12,609386.1047144852,624936.0207598261,654153.5914716102,609386.1047144852,609386.1047144852,29312.386367773957,29312.386367773957,29312.386367773957,29312.386367773957,29312.386367773957,29312.386367773957,0.0,0.0,0.0,638698.4910822592
2026-06-13,610775.5866736863,525019.5386865988,555026.3673779091,610775.5866736863,610775.5866736863,-70752.95182017774,-70752.95182017774,-70752.95182017774,-70752.95182017774,-70752.95182017774,-70752.95182017774,0.0,0.0,0.0,540022.6348535086
2026-06-14,612165.0714892631,526711.2632109382,556894.9409887077,612165.0714892631,612165.0714892631,-71066.36249803846,-71066.36249803846,-71066.36249803846,-71066.36249803846,-71066.36249803846,-71066.36249803846,0.0,0.0,0.0,541098.7089912246
2026-06-15,613554.5563048398,626692.4481045243,656586.8326754469,613554.5563048398,613554.5563048398,27780.706161304624,27780.706161304624,27780.706161304624,27780.706161304624,27780.706161304624,27780.706161304624,0.0,0.0,0.0,641335.2624661444
2026-06-16,614944.0411204167,628412.6536927428,658870.9038680806,614944.0411204167,614944.0411204167,29112.25814571888,29112.25814571888,29112.25814571888,29112.25814571888,29112.25814571888,29112.25814571888,0.0,0.0,0.0,644056.2992661356
2026-06-17,616333.5259359935,628538.427985319,659358.7782177798,616333.5259359935,616333.5259359935,27939.319121268847,27939.319121268847,27939.319121268847,27939.319121268847,27939.319121268847,27939.319121268847,0.0,0.0,0.0,644272.8450572623
2026-06-18,617723.0107515703,630033.2614339204,659408.8859698537,617723.0107515703,617723.0107515703,27674.64452197704,27674.64452197704,27674.64452197704,27674.64452197704,27674.64452197704,27674.64452197704,0.0,0.0,0.0,645397.6552735474
2026-06-19,619112.4955671473,633738.2346206842,662514.591138464,619112.4955671473,619112.4955671473,29312.386367705683,29312.386367705683,29312.386367705683,29312.386367705683,29312.386367705683,29312.386367705683,0.0,0.0,0.0,648424.8819348529
2026-06-20,620501.980382724,535320.7702094716,565653.0721864682,620501.980382724,620501.980382724,-70752.95181983493,-70752.95181983493,-70752.95181983493,-70752.95181983493,-70752.95181983493,-70752.95181983493,0.0,0.0,0.0,549749.0285628891
2026-06-21,621891.4651983008,535681.1439508849,565647.7720546394,621891.4651983008,621891.4651983008,-71066.36249791841,-71066.36249791841,-71066.36249791841,-71066.36249791841,-71066.36249791841,-71066.36249791841,0.0,0.0,0.0,550825.1027003824
2026-06-22,623280.9500138777,637178.8878285044,666256.6818263812,623280.9500138777,623280.9500138777,27780.706161375318,27780.706161375318,27780.706161375318,27780.706161375318,27780.706161375318,27780.706161375318,0.0,0.0,0.0,651061.656175253
2026-06-23,624670.4348294544,638578.8971712012,669029.72606851,624670.4348294544,624670.4348294544,29112.258145796015,29112.258145796015,29112.258145796015,29112.258145796015,29112.258145796015,29112.258145796015,0.0,0.0,0.0,653782.6929752504
2026-06-24,626059.9196450313,638862.9727954234,668276.7801900387,626059.9196450313,626059.9196450313,27939.319121268785,27939.319121268785,27939.319121268785,27939.319121268785,27939.319121268785,27939.319121268785,0.0,0.0,0.0,653999.2387663001
2026-06-25,627449.4044606083,639476.0675614324,668880.7525568983,627449.4044606083,627449.4044606083,27674.64452204196,27674.64452204196,27674.64452204196,27674.64452204196,27674.64452204196,27674.64452204196,0.0,0.0,0.0,655124.0489826503
2026-06-26,628838.8892955477,643019.6604576797,673679.466476695,628838.8892955477,628838.8892955477,29312.38636770684,29312.38636770684,29312.38636770684,29312.38636770684,29312.38636770684,29312.38636770684,0.0,0.0,0.0,658151.2756632545
2026-06-27,630228.3741304872,544671.4486342578,574713.926454742,630228.3741304872,630228.3741304872,-70752.95181995514,-70752.95181995514,-70752.95181995514,-70752.95181995514,-70752.95181995514,-70752.95181995514,0.0,0.0,0.0,559475.4223105321
2026-06-28,631617.8589654267,545800.6994805703,575234.0112057686,631617.8589654267,631617.8589654267,-71066.36249816755,-71066.36249816755,-71066.36249816755,-71066.36249816755,-71066.36249816755,-71066.36249816755,0.0,0.0,0.0,560551.4964672591
2026-06-29,633007.3438003663,646005.0152280392,676113.7517548158,633007.3438003663,633007.3438003663,27780.706161372636,27780.706161372636,27780.706161372636,27780.706161372636,27780.706161372636,27780.706161372636,0.0,0.0,0.0,660788.0499617389
2026-06-30,634396.8286353057,649366.7376469107,677449.5758426212,634396.8286353057,634396.8286353057,29112.258145767097,29112.258145767097,29112.258145767097,29112.258145767097,29112.258145767097,29112.258145767097,0.0,0.0,0.0,663509.0867810729
2026-07-01,635786.3134702452,647812.0230300848,677510.5854505807,635786.3134702452,635786.3134702452,27939.31912126873,27939.31912126873,27939.31912126873,27939.31912126873,27939.31912126873,27939.31912126873,0.0,0.0,0.0,663725.6325915139
2026-07-02,637175.7983051848,649600.0242477343,680068.1666370597,637175.7983051848,637175.7983051848,27674.64452203332,27674.64452203332,27674.64452203332,27674.64452203332,27674.64452203332,27674.64452203332,0.0,0.0,0.0,664850.4428272181
2026-07-03,638565.2831401243,653001.3864089699,682176.3787316608,638565.2831401243,638565.2831401243,29312.386367638577,29312.386367638577,29312.386367638577,29312.386367638577,29312.386367638577,29312.386367638577,0.0,0.0,0.0,667877.6695077629
2026-07-04,639954.7679750638,554460.2746975775,584482.013799232,639954.7679750638,639954.7679750638,-70752.95182007537,-70752.95182007537,-70752.95182007537,-70752.95182007537,-70752.95182007537,-70752.95182007537,0.0,0.0,0.0,569201.8161549884
2026-07-05,641344.2528100034,556035.7896877045,584644.7205193156,641344.2528100034,641344.2528100034,-71066.36249813723,-71066.36249813723,-71066.36249813723,-71066.36249813723,-71066.36249813723,-71066.36249813723,0.0,0.0,0.0,570277.8903118661
2026-07-06,642733.7376449428,654878.886721331,685228.2187720049,642733.7376449428,642733.7376449428,27780.706161516697,27780.706161516697,27780.706161516697,27780.706161516697,27780.706161516697,27780.706161516697,0.0,0.0,0.0,670514.4438064595
2026-07-07,643985.6030302438,658801.9840761462,688528.9014835063,643985.6030302438,643985.6030302438,29112.258145738175,29112.258145738175,29112.258145738175,29112.258145738175,29112.258145738175,29112.258145738175,0.0,0.0,0.0,673097.8611759819
2026-07-08,645237.4684155448,657864.7583145524,687476.1025381823,645237.4684155448,645237.4684155448,27939.319121265522,27939.319121265522,27939.319121265522,27939.319121265522,27939.319121265522,27939.319121265522,0.0,0.0,0.0,673176.7875368104
2026-07-09,646489.3338008459,659163.0644045302,688774.4399554108,646489.3338008459,646489.3338008459,27674.644521952607,27674.644521952607,27674.644521952607,27674.644521952607,27674.644521952607,27674.644521952607,0.0,0.0,0.0,674163.9783227985
2026-07-10,647741.199186147,661762.6446341041,692305.1060294496,647741.199186147,647741.199186147,29312.386367639745,29312.386367639745,29312.386367639745,29312.386367639745,29312.386367639745,29312.386367639745,0.0,0.0,0.0,677053.5855537867
2026-07-11,648993.064571448,563132.8848253712,593011.0443725358,648993.064571448,648993.064571448,-70752.95182010726,-70752.95182010726,-70752.95182010726,-70752.95182010726,-70752.95182010726,-70752.95182010726,0.0,0.0,0.0,578240.1127513407
2026-07-12,650244.9299567491,564106.7162034903,593858.9169007299,650244.9299567491,650244.9299567491,-71066.36249810693,-71066.36249810693,-71066.36249810693,-71066.36249810693,-71066.36249810693,-71066.36249810693,0.0,0.0,0.0,579178.5674586422
2026-07-13,651496.7953420501,664545.496227429,693843.3681626989,651496.7953420501,651496.7953420501,27780.706161514037,27780.706161514037,27780.706161514037,27780.706161514037,27780.706161514037,27780.706161514037,0.0,0.0,0.0,679277.5015035642
2026-07-14,652748.6607273511,666736.1037507191,695450.2836484839,652748.6607273511,652748.6607273511,29112.258145815304,29112.258145815304,29112.258145815304,29112.258145815304,29112.258145815304,29112.258145815304,0.0,0.0,0.0,681860.9188731664
2026-07-15,654000.5261126523,667034.9572532054,698050.7723747789,654000.5261126523,654000.5261126523,27939.319121262313,27939.319121262313,27939.319121262313,27939.319121262313,27939.319121262313,27939.319121262313,0.0,0.0,0.0,681939.8452339146
2026-07-16,655252.3914979532,667333.0272623026,697815.0360804525,655252.3914979532,655252.3914979532,27674.64452198074,27674.64452198074,27674.64452198074,27674.64452198074,27674.64452198074,27674.64452198074,0.0,0.0,0.0,682927.036019934
2026-07-17,656504.2568832543,669398.5621188607,699683.7144947725,656504.2568832543,656504.2568832543,29312.386367721534,29312.386367721534,29312.386367721534,29312.386367721534,29312.386367721534,29312.386367721534,0.0,0.0,0.0,685816.6432509758
2026-07-18,657756.1222685552,572466.2359054553,600955.6713067152,657756.1222685552,657756.1222685552,-70752.95182013916,-70752.95182013916,-70752.95182013916,-70752.95182013916,-70752.95182013916,-70752.95182013916,0.0,0.0,0.0,587003.170448416
2026-07-19,658023.1638571254,571969.837607148,602159.9566442049,658023.1638571254,658023.1638571254,-71066.36249798688,-71066.36249798688,-71066.36249798688,-71066.36249798688,-71066.36249798688,-71066.36249798688,0.0,0.0,0.0,586956.8013591386
2026-07-20,658290.2054456958,669968.554871837,700830.3193173942,658290.2054456958,658290.2054456958,27780.706161287366,27780.706161287366,27780.706161287366,27780.706161287366,27780.706161287366,27780.706161287366,0.0,0.0,0.0,686070.9116069832
2026-07-21,658557.2470342661,672834.8712967605,702172.7637641582,658557.2470342661,658557.2470342661,29112.25814582886,29112.25814582886,29112.25814582886,29112.25814582886,29112.25814582886,29112.25814582886,0.0,0.0,0.0,687669.505180095
2026-07-22,658824.2886228363,673511.6776500829,702260.3365288742,658824.2886228363,658824.2886228363,27939.319121262248,27939.319121262248,27939.319121262248,27939.319121262248,27939.319121262248,27939.319121262248,0.0,0.0,0.0,686763.6077440986
2026-07-23,659091.3302114066,672312.3360199984,700679.6380294195,659091.3302114066,659091.3302114066,27674.644522008883,27674.644522008883,27674.644522008883,27674.644522008883,27674.644522008883,27674.644522008883,0.0,0.0,0.0,686765.9747334154
2026-07-24,659358.3717999769,672876.4889203917,704781.9843511113,659358.3717999769,659358.3717999769,29312.386367722702,29312.386367722702,29312.386367722702,29312.386367722702,29312.386367722702,29312.386367722702,0.0,0.0,0.0,688670.7581676996
2026-07-25,659625.4133885471,573945.6582548833,604019.3171350973,659625.4133885471,659625.4133885471,-70752.95181988466,-70752.95181988466,-70752.95181988466,-70752.95181988466,-70752.95181988466,-70752.95181988466,0.0,0.0,0.0,588872.4615686624
2026-07-26,659892.4549771174,573035.3079403567,604773.8160916496,659892.4549771174,659892.4549771174,-71066.36249786682,-71066.36249786682,-71066.36249786682,-71066.36249786682,-71066.36249786682,-71066.36249786682,0.0,0.0,0.0,588826.0924792505
2026-07-27,660159.4965656877,673030.5669684735,703993.0379826415,660159.4965656877,660159.4965656877,27780.706161358055,27780.706161358055,27780.706161358055,27780.706161358055,27780.706161358055,27780.706161358055,0.0,0.0,0.0,687940.2027270457
2026-07-28,660426.538154258,674925.0809207751,703251.8033550429,660426.538154258,660426.538154258,29112.258145757456,29112.258145757456,29112.258145757456,29112.258145757456,29112.258145757456,29112.258145757456,0.0,0.0,0.0,689538.7963000155
2026-07-29,660693.5797428283,673054.5700111949,703737.5821044308,660693.5797428283,660693.5797428283,27939.319121262186,27939.319121262186,27939.319121262186,27939.319121262186,27939.319121262186,27939.319121262186,0.0,0.0,0.0,688632.8988640904
2026-07-30,660960.6213313985,674843.5459294533,702701.3070103612,660960.6213313985,660960.6213313985,27674.644522000235,27674.644522000235,27674.644522000235,27674.644522000235,27674.644522000235,27674.644522000235,0.0,0.0,0.0,688635.2658533987
2026-07-31,660904.5671768149,676036.5089405656,704978.2410949031,660904.5671768149,660904.5671768149,29312.386367654435,29312.386367654435,29312.386367654435,29312.386367654435,29312.386367654435,29312.386367654435,0.0,0.0,0.0,690216.9535444693
2026-08-01,660848.5130222314,574105.6257409947,605222.8934247569,660848.5130222314,660848.5130222314,-70752.9518200049,-70752.9518200049,-70752.9518200049,-70752.9518200049,-70752.9518200049,-70752.9518200049,0.0,0.0,0.0,590095.5612022264
2026-08-02,660792.4588676478,576362.5045081537,604443.2477641946,660792.4588676478,660792.4588676478,-71066.36249783651,-71066.36249783651,-71066.36249783651,-71066.36249783651,-71066.36249783651,-71066.36249783651,0.0,0.0,0.0,589726.0963698113
2026-08-03,660736.4047130643,673854.8408626919,703078.6601019433,660736.4047130643,660736.4047130643,27780.706161428745,27780.706161428745,27780.706161428745,27780.706161428745,27780.706161428745,27780.706161428745,0.0,0.0,0.0,688517.110874493
2026-08-04,660680.3505584807,674702.6941747809,703468.2811433537,660680.3505584807,660680.3505584807,29112.258145771004,29112.258145771004,29112.258145771004,29112.258145771004,29112.258145771004,29112.258145771004,0.0,0.0,0.0,689792.6087042517
2026-08-05,660624.2964038971,673212.6070105735,704379.2515376853,660624.2964038971,660624.2964038971,27939.319121266406,27939.319121266406,27939.319121266406,27939.319121266406,27939.319121266406,27939.319121266406,0.0,0.0,0.0,688563.6155251635
2026-08-06,660568.2422493135,672674.5184757363,703462.9244487693,660568.2422493135,660568.2422493135,27674.64452199159,27674.64452199159,27674.64452199159,27674.64452199159,27674.64452199159,27674.64452199159,0.0,0.0,0.0,688242.8867713051
2026-08-07,660512.1880947299,675154.0359060359,704734.5576026954,660512.1880947299,660512.1880947299,29312.3863676556,29312.3863676556,29312.3863676556,29312.3863676556,29312.3863676556,29312.3863676556,0.0,0.0,0.0,689824.5744623855
2026-08-08,660456.1339401464,574915.1016231064,604280.6165632921,660456.1339401464,660456.1339401464,-70752.95181994843,-70752.95181994843,-70752.95181994843,-70752.95181994843,-70752.95181994843,-70752.95181994843,0.0,0.0,0.0,589703.182120198
2026-08-09,660400.0797855628,574354.2748201719,604163.7440667779,660400.0797855628,660400.0797855628,-71066.3624978062,-71066.3624978062,-71066.3624978062,-71066.3624978062,-71066.3624978062,-71066.3624978062,0.0,0.0,0.0,589333.7172877566
2026-08-10,660344.0256309793,671878.9776398327,703273.0812180868,660344.0256309793,660344.0256309793,27780.706161202077,27780.706161202077,27780.706161202077,27780.706161202077,27780.706161202077,27780.706161202077,0.0,0.0,0.0,688124.7317921814
2026-08-11,660287.9714106307,676029.5109959309,703327.3156728685,660287.9714106307,660287.9714106307,29112.25814574207,29112.25814574207,29112.25814574207,29112.25814574207,29112.25814574207,29112.25814574207,0.0,0.0,0.0,689400.2295563729
2026-08-12,660231.917190282,673543.3817992377,702434.701004572,660231.917190282,660231.917190282,27939.31912126319,27939.31912126319,27939.31912126319,27939.31912126319,27939.31912126319,27939.31912126319,0.0,0.0,0.0,688171.2363115452
2026-08-13,660175.8629699333,674253.1756667277,702903.3836328057,660175.8629699333,660175.8629699333,27674.644522019727,27674.644522019727,27674.644522019727,27674.644522019727,27674.644522019727,27674.644522019727,0.0,0.0,0.0,687850.5074919531
2026-08-14,660119.8087495846,674318.9102842623,704822.1462511882,660119.8087495846,660119.8087495846,29312.38636758733,29312.38636758733,29312.38636758733,29312.38636758733,29312.38636758733,29312.38636758733,0.0,0.0,0.0,689432.195117172
2026-08-15,660063.7545292359,574338.3288321374,603454.2068074051,660063.7545292359,660063.7545292359,-70752.95182006866,-70752.95182006866,-70752.95182006866,-70752.95182006866,-70752.95182006866,-70752.95182006866,0.0,0.0,0.0,589310.8027091672
2026-08-16,660007.7003088873,574244.9858727327,604465.1311448694,660007.7003088873,660007.7003088873,-71066.36249805534,-71066.36249805534,-71066.36249805534,-71066.36249805534,-71066.36249805534,-71066.36249805534,0.0,0.0,0.0,588941.337810832
2026-08-17,659951.6460885386,672480.1524274979,701530.6569474823,659951.6460885386,659951.6460885386,27780.706161272778,27780.706161272778,27780.706161272778,27780.706161272778,27780.706161272778,27780.706161272778,0.0,0.0,0.0,687732.3522498114
2026-08-18,659895.5918681899,673560.9703395246,703347.4801794732,659895.5918681899,659895.5918681899,29112.25814575562,29112.25814575562,29112.25814575562,29112.25814575562,29112.25814575562,29112.25814575562,0.0,0.0,0.0,689007.8500139455
2026-08-19,659839.5376478411,672704.4495829887,703035.7265584829,659839.5376478411,659839.5376478411,27939.319121266293,27939.319121266293,27939.319121266293,27939.319121266293,27939.319121266293,27939.319121266293,0.0,0.0,0.0,687778.8567691074
2026-08-20,659783.4834274926,672794.6223197735,702572.1370128046,659783.4834274926,659783.4834274926,27674.644522012582,27674.644522012582,27674.644522012582,27674.644522012582,27674.644522012582,27674.644522012582,0.0,0.0,0.0,687458.1279495051
2026-08-21,659727.4292071438,673546.1541322764,703565.5921091923,659727.4292071438,659727.4292071438,29312.386367808005,29312.386367808005,29312.386367808005,29312.386367808005,29312.386367808005,29312.386367808005,0.0,0.0,0.0,689039.8155749518
2026-08-22,659671.3749867952,573739.7778039823,603644.8777242694,659671.3749867952,659671.3749867952,-70752.95182010054,-70752.95182010054,-70752.95182010054,-70752.95182010054,-70752.95182010054,-70752.95182010054,0.0,0.0,0.0,588918.4231666947
2026-08-23,659615.3207659683,573417.9148958931,603336.7101632108,659615.3207659683,659615.3207659683,-71066.36249793528,-71066.36249793528,-71066.36249793528,-71066.36249793528,-71066.36249793528,-71066.36249793528,0.0,0.0,0.0,588548.958268033
2026-08-24,659559.2665451416,671612.4182344918,701185.852981803,659559.2665451416,659559.2665451416,27780.7061612701,27780.7061612701,27780.7061612701,27780.7061612701,27780.7061612701,27780.7061612701,0.0,0.0,0.0,687339.9727064117
2026-08-25,659503.2123243148,673550.933107483,703452.0919866535,659503.2123243148,659503.2123243148,29112.258145726686,29112.258145726686,29112.258145726686,29112.258145726686,29112.258145726686,29112.258145726686,0.0,0.0,0.0,688615.4704700414
2026-08-26,659447.1581034879,672763.9942312181,702133.2860060554,659447.1581034879,659447.1581034879,27939.319121263074,27939.319121263074,27939.319121263074,27939.319121263074,27939.319121263074,27939.319121263074,0.0,0.0,0.0,687386.477224751
2026-08-27,659391.1038826611,672712.3018438893,702279.4993657903,659391.1038826611,659391.1038826611,27674.64452200394,27674.64452200394,27674.64452200394,27674.64452200394,27674.64452200394,27674.64452200394,0.0,0.0,0.0,687065.748404665
2026-08-28,659335.0496618344,672831.8153837561,703386.688866005,659335.0496618344,659335.0496618344,29312.38636773973,29312.38636773973,29312.38636773973,29312.38636773973,29312.38636773973,29312.38636773973,0.0,0.0,0.0,688647.4360295741
2026-08-29,659278.9954410075,574881.3098888838,603986.5069775349,659278.9954410075,659278.9954410075,-70752.95182022078,-70752.95182022078,-70752.95182022078,-70752.95182022078,-70752.95182022078,-70752.95182022078,0.0,0.0,0.0,588526.0436207867
2026-08-30,659222.9412201807,574318.933886952,603121.1835514529,659222.9412201807,659222.9412201807,-71066.3624979947,-71066.3624979947,-71066.3624979947,-71066.3624979947,-71066.3624979947,-71066.3624979947,0.0,0.0,0.0,588156.578722186
2026-08-31,659166.8869993539,672130.5479033574,702757.60516513,659166.8869993539,659166.8869993539,27780.706161414164,27780.706161414164,27780.706161414164,27780.706161414164,27780.706161414164,27780.706161414164,0.0,0.0,0.0,686947.593160768
2026-09-01,659110.832778527,672809.7925023825,704781.3698582457,659110.832778527,659110.832778527,29112.258145803826,29112.258145803826,29112.258145803826,29112.258145803826,29112.258145803826,29112.258145803826,0.0,0.0,0.0,688223.0909243309
2026-09-02,659054.7785577002,671871.6286937624,701451.4738014563,659054.7785577002,659054.7785577002,27939.31912126302,27939.31912126302,27939.31912126302,27939.31912126302,27939.31912126302,27939.31912126302,0.0,0.0,0.0,686994.0976789632
2026-09-03,658998.7243580252,672804.7101796628,701856.6062410137,658998.7243580252,658998.7243580252,27674.64452199529,27674.64452199529,27674.64452199529,27674.64452199529,27674.64452199529,27674.64452199529,0.0,0.0,0.0,686673.3688800206
2026-09-04,658942.6701583503,673500.9199528495,702281.0560972133,658942.6701583503,658942.6701583503,29312.3863677409,29312.3863677409,29312.3863677409,29312.3863677409,29312.3863677409,29312.3863677409,0.0,0.0,0.0,688255.0565260912
2026-09-05,658886.6159586752,573417.9066112933,604030.7387529016,658886.6159586752,658886.6159586752,-70752.95182025268,-70752.95182025268,-70752.95182025268,-70752.95182025268,-70752.95182025268,-70752.95182025268,0.0,0.0,0.0,588133.6641384225
2026-09-06,658830.5617590002,572038.2805238073,603781.2913897227,658830.5617590002,658830.5617590002,-71066.3624981541,-71066.3624981541,-71066.3624981541,-71066.3624981541,-71066.3624981541,-71066.3624981541,0.0,0.0,0.0,587764.199260846
2026-09-07,658774.5075593252,671332.2364774516,700291.3488436724,658774.5075593252,658774.5075593252,27780.706161411497,27780.706161411497,27780.706161411497,27780.706161411497,27780.706161411497,27780.706161411497,0.0,0.0,0.0,686555.2137207367
2026-09-08,658718.4533596502,673697.3237249636,702248.9540911758,658718.4533596502,658718.4533596502,29112.2581457749,29112.2581457749,29112.2581457749,29112.2581457749,29112.2581457749,29112.2581457749,0.0,0.0,0.0,687830.7115054252
2026-09-09,658662.3991599751,671170.0026869603,701019.8900519278,658662.3991599751,658662.3991599751,27939.319121259814,27939.319121259814,27939.319121259814,27939.319121259814,27939.319121259814,27939.319121259814,0.0,0.0,0.0,686601.718281235
2026-09-10,658606.3449603003,671482.5968951908,701347.0195854268,658606.3449603003,658606.3449603003,27674.644522023424,27674.644522023424,27674.644522023424,27674.644522023424,27674.644522023424,27674.644522023424,0.0,0.0,0.0,686280.9894823236
2026-09-11,658550.2907606252,672202.6019971872,703235.0488585442,658550.2907606252,658550.2907606252,29312.38636760319,29312.38636760319,29312.38636760319,29312.38636760319,29312.38636760319,29312.38636760319,0.0,0.0,0.0,687862.6771282284
2026-09-12,658494.2365609502,573632.2766147902,603001.0050676762,658494.2365609502,658494.2365609502,-70752.95181999818,-70752.95181999818,-70752.95181999818,-70752.95181999818,-70752.95181999818,-70752.95181999818,0.0,0.0,0.0,587741.284740952
2026-09-13,658438.1823612752,571849.1464598516,601724.5401538746,658438.1823612752,658438.1823612752,-71066.36249821352,-71066.36249821352,-71066.36249821352,-71066.36249821352,-71066.36249821352,-71066.36249821352,0.0,0.0,0.0,587371.8198630617
2026-09-14,658382.1281616002,671090.268490237,701531.2415829715,658382.1281616002,658382.1281616002,27780.70616140882,27780.70616140882,27780.70616140882,27780.70616140882,27780.70616140882,27780.70616140882,0.0,0.0,0.0,686162.834323009
2026-09-15,658326.0739161932,673134.9737911758,701979.7222937365,658326.0739161932,658326.0739161932,29112.258145788448,29112.258145788448,29112.258145788448,29112.258145788448,29112.258145788448,29112.258145788448,0.0,0.0,0.0,687438.3320619817
2026-09-16,658270.0196707863,671573.9464392656,701884.9430302844,658270.0196707863,658270.0196707863,27939.31912126718,27939.31912126718,27939.31912126718,27939.31912126718,27939.31912126718,27939.31912126718,0.0,0.0,0.0,686209.3387920535
2026-09-17,658213.9654253795,670566.6915273814,700174.0305511202,658213.9654253795,658213.9654253795,27674.644521905924,27674.644521905924,27674.644521905924,27674.644521905924,27674.644521905924,27674.644521905924,0.0,0.0,0.0,685888.6099472854
2026-09-18,658157.9111799726,671604.2856993139,701904.7072368385,658157.9111799726,658157.9111799726,29312.386367604355,29312.386367604355,29312.386367604355,29312.386367604355,29312.386367604355,29312.386367604355,0.0,0.0,0.0,687470.297547577
2026-09-19,658101.8569345657,571971.5773574754,602201.2307535165,658101.8569345657,658101.8569345657,-70752.95182003008,-70752.95182003008,-70752.95182003008,-70752.95182003008,-70752.95182003008,-70752.95182003008,0.0,0.0,0.0,587348.9051145356
2026-09-20,658045.8026891587,572651.7456406702,601428.2973278802,658045.8026891587,658045.8026891587,-71066.36249809348,-71066.36249809348,-71066.36249809348,-71066.36249809348,-71066.36249809348,-71066.36249809348,0.0,0.0,0.0,586979.4401910652
2026-09-21,657989.7484437518,670906.9267372141,701418.4840369332,657989.7484437518,657989.7484437518,27780.706161479517,27780.706161479517,27780.706161479517,27780.706161479517,27780.706161479517,27780.706161479517,0.0,0.0,0.0,685770.4546052313
2026-09-22,657933.694198345,672436.3716083334,701488.5262951545,657933.694198345,657933.694198345,29112.25814571705,29112.25814571705,29112.25814571705,29112.25814571705,29112.25814571705,29112.25814571705,0.0,0.0,0.0,687045.952344062
2026-09-23,657877.6399529381,671001.8360380012,699839.7686655533,657877.6399529381,657877.6399529381,27939.31912126712,27939.31912126712,27939.31912126712,27939.31912126712,27939.31912126712,27939.31912126712,0.0,0.0,0.0,685816.9590742051
2026-09-24,657821.5857075312,670472.3298270522,700830.9298441325,657821.5857075312,657821.5857075312,27674.64452197085,27674.64452197085,27674.64452197085,27674.64452197085,27674.64452197085,27674.64452197085,0.0,0.0,0.0,685496.2302295021
2026-09-25,657765.5314621243,672047.1126636157,701577.0869248541,657765.5314621243,657765.5314621243,29312.386367605523,29312.386367605523,29312.386367605523,29312.386367605523,29312.386367605523,29312.386367605523,0.0,0.0,0.0,687077.9178297298
2026-09-26,657709.4772167173,572002.4060189147,601318.374146672,657709.4772167173,657709.4772167173,-70752.9518201503,-70752.9518201503,-70752.9518201503,-70752.9518201503,-70752.9518201503,-70752.9518201503,0.0,0.0,0.0,586956.5253965671
2026-09-27,657653.4197905778,571409.0105196818,600778.5853904486,657653.4197905778,657653.4197905778,-71066.36249806317,-71066.36249806317,-71066.36249806317,-71066.36249806317,-71066.36249806317,-71066.36249806317,0.0,0.0,0.0,586587.0572925147
2026-09-28,657597.3623644381,670063.4897803776,700376.0770591756,657597.3623644381,657597.3623644381,27780.706161179478,27780.706161179478,27780.706161179478,27780.706161179478,27780.706161179478,27780.706161179478,0.0,0.0,0.0,685378.0685256176
2026-09-29,657541.3049382987,672036.3408770802,701276.3715018579,657541.3049382987,657541.3049382987,29112.258145730593,29112.258145730593,29112.258145730593,29112.258145730593,29112.258145730593,29112.258145730593,0.0,0.0,0.0,686653.5630840292
2026-09-30,657485.247512159,669563.8551676332,700400.7204135362,657485.247512159,657485.247512159,27939.319121267054,27939.319121267054,27939.319121267054,27939.319121267054,27939.319121267054,27939.319121267054,0.0,0.0,0.0,685424.5666334261
2026-10-01,657429.1900860195,670040.549505863,700543.1282956422,657429.1900860195,657429.1900860195,27674.644521962204,27674.644521962204,27674.644521962204,27674.644521962204,27674.644521962204,27674.644521962204,0.0,0.0,0.0,685103.8346079816
2026-10-02,657373.1326598799,671438.1282318226,701560.4757484506,657373.1326598799,657373.1326598799,29312.386367537256,29312.386367537256,29312.386367537256,29312.386367537256,29312.386367537256,29312.386367537256,0.0,0.0,0.0,686685.5190274171
2026-10-03,657317.0752337403,571059.8930841853,601796.0882461803,657317.0752337403,657317.0752337403,-70752.95181980747,-70752.95181980747,-70752.95181980747,-70752.95181980747,-70752.95181980747,-70752.95181980747,0.0,0.0,0.0,586564.1234139327
2026-10-04,657261.0178076007,570918.4390556514,601551.6436860763,657261.0178076007,657261.0178076007,-71066.36249803286,-71066.36249803286,-71066.36249803286,-71066.36249803286,-71066.36249803286,-71066.36249803286,0.0,0.0,0.0,586194.6553095678
2026-10-05,657204.9603814611,669484.3311443697,700338.777990531,657204.9603814611,657204.9603814611,27780.706161323542,27780.706161323542,27780.706161323542,27780.706161323542,27780.706161323542,27780.706161323542,0.0,0.0,0.0,684985.6665427847
2026-10-06,657148.9029553215,671422.7217193271,702694.3752716104,657148.9029553215,657148.9029553215,29112.258145744134,29112.258145744134,29112.258145744134,29112.258145744134,29112.258145744134,29112.258145744134,0.0,0.0,0.0,686261.1611010656
2026-10-07,657092.8455291819,670209.236191151,699071.226242492,657092.8455291819,657092.8455291819,27939.31912126385,27939.31912126385,27939.31912126385,27939.31912126385,27939.31912126385,27939.31912126385,0.0,0.0,0.0,685032.1646504457
2026-10-08,656320.3978400038,668607.544011853,699478.1804488926,656320.3978400038,656320.3978400038,27674.644521990343,27674.644521990343,27674.644521990343,27674.644521990343,27674.644521990343,27674.644521990343,0.0,0.0,0.0,683995.0423619942
2026-10-09,655547.9501508258,670016.746659244,700868.8893900784,655547.9501508258,655547.9501508258,29312.386367827363,29312.386367827363,29312.386367827363,29312.386367827363,29312.386367827363,29312.386367827363,0.0,0.0,0.0,684860.3365186532
2026-10-10,654775.5024616477,569786.2353846453,600127.8241148484,654775.5024616477,654775.5024616477,-70752.95181992771,-70752.95181992771,-70752.95181992771,-70752.95181992771,-70752.95181992771,-70752.95181992771,0.0,0.0,0.0,584022.5506417201
2026-10-11,654003.0547724697,568756.7368252429,599185.401669887,654003.0547724697,654003.0547724697,-71066.36249800256,-71066.36249800256,-71066.36249800256,-71066.36249800256,-71066.36249800256,-71066.36249800256,0.0,0.0,0.0,582936.6922744671
2026-10-12,653230.6070832916,666392.3231927586,696032.3834210668,653230.6070832916,653230.6070832916,27780.70616132087,27780.70616132087,27780.70616132087,27780.70616132087,27780.70616132087,27780.70616132087,0.0,0.0,0.0,681011.3132446125
2026-10-13,652458.1593941136,666035.0139077171,696299.8452599123,652458.1593941136,652458.1593941136,29112.258145778804,29112.258145778804,29112.258145778804,29112.258145778804,29112.258145778804,29112.258145778804,0.0,0.0,0.0,681570.4175398924
2026-10-14,651685.7117049356,665135.0561010257,694783.1348839699,651685.7117049356,651685.7117049356,27939.319121268076,27939.319121268076,27939.319121268076,27939.319121268076,27939.319121268076,27939.319121268076,0.0,0.0,0.0,679625.0308262038
2026-10-15,650913.2640157575,663450.692355299,693468.3006095815,650913.2640157575,650913.2640157575,27674.64452201848,27674.64452201848,27674.64452201848,27674.64452201848,27674.64452201848,27674.64452201848,0.0,0.0,0.0,678587.908537776
2026-10-16,650140.8163265795,664164.1980334396,695095.4659659023,650140.8163265795,650140.8163265795,29312.386367689654,29312.386367689654,29312.386367689654,29312.386367689654,29312.386367689654,29312.386367689654,0.0,0.0,0.0,679453.2026942692
2026-10-17,649368.3686374015,563818.2718894196,592721.9995534312,649368.3686374015,649368.3686374015,-70752.95181987126,-70752.95181987126,-70752.95181987126,-70752.95181987126,-70752.95181987126,-70752.95181987126,0.0,0.0,0.0,578615.4168175303
2026-10-18,648595.9209482233,562537.3857929634,592306.3494439762,648595.9209482233,648595.9209482233,-71066.3624978825,-71066.3624978825,-71066.3624978825,-71066.3624978825,-71066.3624978825,-71066.3624978825,0.0,0.0,0.0,577529.5584503409
2026-10-19,647823.4732590453,660829.7481987432,690800.5619789842,647823.4732590453,647823.4732590453,27780.70616139156,27780.70616139156,27780.70616139156,27780.70616139156,27780.70616139156,27780.70616139156,0.0,0.0,0.0,675604.1794204368
2026-10-20,647051.02549015,661545.044128458,689767.7226165645,647051.02549015,647051.02549015,29112.258145792348,29112.258145792348,29112.258145792348,29112.258145792348,29112.258145792348,29112.258145792348,0.0,0.0,0.0,676163.2836359423
2026-10-21,646278.5777212546,658598.9548483896,689315.8108874162,646278.5777212546,646278.5777212546,27939.319121264856,27939.319121264856,27939.319121264856,27939.319121264856,27939.319121264856,27939.319121264856,0.0,0.0,0.0,674217.8968425194
2026-10-22,645506.1299523592,658789.9962687455,689296.9123965317,645506.1299523592,645506.1299523592,27674.644522046627,27674.644522046627,27674.644522046627,27674.644522046627,27674.644522046627,27674.644522046627,0.0,0.0,0.0,673180.7744744059
2026-10-23,644733.6821834639,659004.7378147108,689097.1023464167,644733.6821834639,644733.6821834639,29312.38636769082,29312.38636769082,29312.38636769082,29312.38636769082,29312.38636769082,29312.38636769082,0.0,0.0,0.0,674046.0685511548
2026-10-24,643961.2344145685,557697.2792060002,588339.2225775626,643961.2344145685,643961.2344145685,-70752.95181999149,-70752.95181999149,-70752.95181999149,-70752.95181999149,-70752.95181999149,-70752.95181999149,0.0,0.0,0.0,573208.2825945771
2026-10-25,643188.7866456731,557669.2384161197,588000.396761086,643188.7866456731,643188.7866456731,-71066.36249813164,-71066.36249813164,-71066.36249813164,-71066.36249813164,-71066.36249813164,-71066.36249813164,0.0,0.0,0.0,572122.4241475414
2026-10-26,642416.3388767777,654250.3052140292,683720.169175397,642416.3388767777,642416.3388767777,27780.70616146226,27780.70616146226,27780.70616146226,27780.70616146226,27780.70616146226,27780.70616146226,0.0,0.0,0.0,670197.0450382399
2026-10-27,641643.8911078824,655838.0966302748,684838.0510083677,641643.8911078824,641643.8911078824,29112.25814572096,29112.25814572096,29112.25814572096,29112.25814572096,29112.25814572096,29112.25814572096,0.0,0.0,0.0,670756.1492536033
2026-10-28,640871.4433389871,653308.4247167665,684039.4620721779,640871.4433389871,640871.4433389871,27939.319121267938,27939.319121267938,27939.319121267938,27939.319121267938,27939.319121267938,27939.319121267938,0.0,0.0,0.0,668810.7624602551
2026-10-29,640098.9955700916,652208.3039784776,683950.9807928099,640098.9955700916,640098.9955700916,27674.644522037972,27674.644522037972,27674.644522037972,27674.644522037972,27674.644522037972,27674.644522037972,0.0,0.0,0.0,667773.6400921296
2026-10-30,639326.5478011963,652893.0748941352,681712.1838294055,639326.5478011963,639326.5478011963,29312.386367842046,29312.386367842046,29312.386367842046,29312.386367842046,29312.386367842046,29312.386367842046,0.0,0.0,0.0,668638.9341690384
2026-10-31,638554.1000323009,553733.7249665352,581801.6671049519,638554.1000323009,638554.1000323009,-70752.9518201117,-70752.9518201117,-70752.9518201117,-70752.9518201117,-70752.9518201117,-70752.9518201117,0.0,0.0,0.0,567801.1482121892
2026-11-01,637781.6522634056,552121.2432605611,580956.7171111886,637781.6522634056,637781.6522634056,-71066.3624980116,-71066.3624980116,-71066.3624980116,-71066.3624980116,-71066.3624980116,-71066.3624980116,0.0,0.0,0.0,566715.2897653941
2026-11-02,637009.2044945102,649824.543646415,678464.9367435868,637009.2044945102,637009.2044945102,27780.706161532944,27780.706161532944,27780.706161532944,27780.706161532944,27780.706161532944,27780.706161532944,0.0,0.0,0.0,664789.9106560431
2026-11-03,636236.7567256149,650703.6332912216,680388.6880894194,636236.7567256149,636236.7567256149,29112.2581457345,29112.2581457345,29112.2581457345,29112.2581457345,29112.2581457345,29112.2581457345,0.0,0.0,0.0,665349.0148713494
2026-11-04,635464.3089567195,649804.2927502124,677770.7124735854,635464.3089567195,635464.3089567195,27939.319121264743,27939.319121264743,27939.319121264743,27939.319121264743,27939.319121264743,27939.319121264743,0.0,0.0,0.0,663403.6280779842
2026-11-05,634691.8611878242,646302.0705025116,675623.6759084351,634691.8611878242,634691.8611878242,27674.64452195726,27674.64452195726,27674.64452195726,27674.64452195726,27674.64452195726,27674.64452195726,0.0,0.0,0.0,662366.5057097814
2026-11-06,633919.4134189289,648380.015817297,677837.0518795209,633919.4134189289,633919.4134189289,29312.38636784322,29312.38636784322,29312.38636784322,29312.38636784322,29312.38636784322,29312.38636784322,0.0,0.0,0.0,663231.7997867721
2026-11-07,633146.9656500334,547916.3784735466,576320.3864578572,633146.9656500334,633146.9656500334,-70752.95182005526,-70752.95182005526,-70752.95182005526,-70752.95182005526,-70752.95182005526,-70752.95182005526,0.0,0.0,0.0,562394.0138299782
2026-11-08,632374.5178811381,545436.0852233487,577424.7875459208,632374.5178811381,632374.5178811381,-71066.362498071,-71066.362498071,-71066.362498071,-71066.362498071,-71066.362498071,-71066.362498071,0.0,0.0,0.0,561308.1553830671
2026-11-09,631602.0701122427,644439.4972855106,674412.8034443498,631602.0701122427,631602.0701122427,27780.706161530274,27780.706161530274,27780.706161530274,27780.706161530274,27780.706161530274,27780.706161530274,0.0,0.0,0.0,659382.7762737729
2026-11-10,630829.6223433473,644922.354704841,675495.3752068918,630829.6223433473,630829.6223433473,29112.258145811636,29112.258145811636,29112.258145811636,29112.258145811636,29112.258145811636,29112.258145811636,0.0,0.0,0.0,659941.8804891589
2026-11-11,630057.174574452,643284.336010587,672797.6028345244,630057.174574452,630057.174574452,27939.319121261527,27939.319121261527,27939.319121261527,27939.319121261527,27939.319121261527,27939.319121261527,0.0,0.0,0.0,657996.4936957135
2026-11-12,629284.7268055566,642782.7197233926,672045.0309975392,629284.7268055566,629284.7268055566,27674.64452194861,27674.64452194861,27674.64452194861,27674.64452194861,27674.64452194861,27674.64452194861,0.0,0.0,0.0,656959.3713275052
2026-11-13,628512.2790366613,642443.5097009226,673369.1206452883,628512.2790366613,628512.2790366613,29312.386367774947,29312.386367774947,29312.386367774947,29312.386367774947,29312.386367774947,29312.386367774947,0.0,0.0,0.0,657824.6654044362
2026-11-14,627739.831267766,542901.5653426993,572523.8594641951,627739.831267766,627739.831267766,-70752.9518201755,-70752.9518201755,-70752.9518201755,-70752.9518201755,-70752.9518201755,-70752.9518201755,0.0,0.0,0.0,556986.8794475904
2026-11-15,626967.3834988705,540073.4412377712,571369.1914976282,626967.3834988705,626967.3834988705,-71066.36249795096,-71066.36249795096,-71066.36249795096,-71066.36249795096,-71066.36249795096,-71066.36249795096,0.0,0.0,0.0,555901.0210009196
2026-11-16,626194.9357299752,639487.2088702897,668696.1841789726,626194.9357299752,626194.9357299752,27780.70616137698,27780.70616137698,27780.70616137698,27780.70616137698,27780.70616137698,27780.70616137698,0.0,0.0,0.0,653975.6418913523
2026-11-17,625422.4879610798,639121.6091517312,669499.387818923,625422.4879610798,625422.4879610798,29112.258145825177,29112.258145825177,29112.258145825177,29112.258145825177,29112.258145825177,29112.258145825177,0.0,0.0,0.0,654534.7461069049
2026-11-18,624650.0401921844,637229.08369561,667127.2030129534,624650.0401921844,624650.0401921844,27939.31912126462,27939.31912126462,27939.31912126462,27939.31912126462,27939.31912126462,27939.31912126462,0.0,0.0,0.0,652589.359313449
2026-11-19,623877.5924232891,636843.679474591,665738.2561451687,623877.5924232891,623877.5924232891,27674.644522013536,27674.644522013536,27674.644522013536,27674.644522013536,27674.644522013536,27674.644522013536,0.0,0.0,0.0,651552.2369453026
2026-11-20,623105.1446543938,638237.2966710518,667350.5094679993,623105.1446543938,623105.1446543938,29312.386367706677,29312.386367706677,29312.386367706677,29312.386367706677,29312.386367706677,29312.386367706677,0.0,0.0,0.0,652417.5310221005
2026-11-21,622332.6968854984,536996.7066584595,566534.3333064901,622332.6968854984,622332.6968854984,-70752.951819921,-70752.951819921,-70752.951819921,-70752.951819921,-70752.951819921,-70752.951819921,0.0,0.0,0.0,551579.7450655773
2026-11-22,621560.2491166029,535364.5520565574,565068.1645735294,621560.2491166029,621560.2491166029,-71066.36249783091,-71066.36249783091,-71066.36249783091,-71066.36249783091,-71066.36249783091,-71066.36249783091,0.0,0.0,0.0,550493.886618772
2026-11-23,620787.8013477076,633641.6148989741,662906.4866557346,620787.8013477076,620787.8013477076,27780.7061613743,27780.7061613743,27780.7061613743,27780.7061613743,27780.7061613743,27780.7061613743,0.0,0.0,0.0,648568.507509082
2026-11-24,620015.3535788123,634258.8281550717,664440.5015182684,620015.3535788123,620015.3535788123,29112.258145796244,29112.258145796244,29112.258145796244,29112.258145796244,29112.258145796244,29112.258145796244,0.0,0.0,0.0,649127.6117246086
2026-11-25,619242.9058099169,632104.0635483402,662248.3823320724,619242.9058099169,619242.9058099169,27939.31912126141,27939.31912126141,27939.31912126141,27939.31912126141,27939.31912126141,27939.31912126141,0.0,0.0,0.0,647182.2249311783
2026-11-26,618470.4580410215,630871.2552454518,661384.8434038732,618470.4580410215,618470.4580410215,27674.644521932823,27674.644521932823,27674.644521932823,27674.644521932823,27674.644521932823,27674.644521932823,0.0,0.0,0.0,646145.1025629543
2026-11-27,617698.0102721262,631631.4318196651,662201.7031254615,617698.0102721262,617698.0102721262,29312.386367638406,29312.386367638406,29312.386367638406,29312.386367638406,29312.386367638406,29312.386367638406,0.0,0.0,0.0,647010.3966397645
2026-11-28,616925.5625032309,531277.230020379,561147.6373795319,616925.5625032309,616925.5625032309,-70752.95182004123,-70752.95182004123,-70752.95182004123,-70752.95182004123,-70752.95182004123,-70752.95182004123,0.0,0.0,0.0,546172.6106831897
2026-11-29,616153.1147343356,529808.7462502075,559777.6064979279,616153.1147343356,616153.1147343356,-71066.36249789032,-71066.36249789032,-71066.36249789032,-71066.36249789032,-71066.36249789032,-71066.36249789032,0.0,0.0,0.0,545086.7522364452
2026-11-30,615380.6669654401,628982.793395155,657237.1945096103,615380.6669654401,615380.6669654401,27780.706161518367,27780.706161518367,27780.706161518367,27780.706161518367,27780.706161518367,27780.706161518367,0.0,0.0,0.0,643161.3731269585
2026-12-01,614608.2191965447,629080.7046778149,659843.4936487358,614608.2191965447,614608.2191965447,29112.258145767322,29112.258145767322,29112.258145767322,29112.258145767322,29112.258145767322,29112.258145767322,0.0,0.0,0.0,643720.477342312
2026-12-02,613835.7714276494,626774.6439854973,656365.5805715234,613835.7714276494,613835.7714276494,27939.319121265627,27939.319121265627,27939.319121265627,27939.319121265627,27939.319121265627,27939.319121265627,0.0,0.0,0.0,641775.0905489151
2026-12-03,613063.323658754,626201.449519921,657274.2066022079,613063.323658754,613063.323658754,27674.64452196096,27674.64452196096,27674.64452196096,27674.64452196096,27674.64452196096,27674.64452196096,0.0,0.0,0.0,640737.968180715
2026-12-04,612290.8758898587,626742.484600369,657191.9391135602,612290.8758898587,612290.8758898587,29312.38636763957,29312.38636763957,29312.38636763957,29312.38636763957,29312.38636763957,29312.38636763957,0.0,0.0,0.0,641603.2622574982
2026-12-05,611518.4281209633,525039.2575037772,555469.6231373907,611518.4281209633,611518.4281209633,-70752.95182007311,-70752.95182007311,-70752.95182007311,-70752.95182007311,-70752.95182007311,-70752.95182007311,0.0,0.0,0.0,540765.4763008902
2026-12-06,610745.980352068,524280.43753648235,554705.478328675,610745.980352068,610745.980352068,-71066.36249777027,-71066.36249777027,-71066.36249777027,-71066.36249777027,-71066.36249777027,-71066.36249777027,0.0,0.0,0.0,539679.6178542977
2026-12-07,609973.5325831727,623203.226352,651899.3046027708,609973.5325831727,609973.5325831727,27780.706161218328,27780.706161218328,27780.706161218328,27780.706161218328,27780.706161218328,27780.706161218328,0.0,0.0,0.0,637754.238744391
2026-12-08,609201.0848142772,622716.0395944852,653450.2074702674,609201.0848142772,609201.0848142772,29112.258145738397,29112.258145738397,29112.258145738397,29112.258145738397,29112.258145738397,29112.258145738397,0.0,0.0,0.0,638313.3429600156
2026-12-09,608428.6370453818,621055.178689998,650916.722278659,608428.6370453818,608428.6370453818,27939.31912126241,27939.31912126241,27939.31912126241,27939.31912126241,27939.31912126241,27939.31912126241,0.0,0.0,0.0,636367.9561666442
2026-12-10,607656.1892764864,620512.0658486036,649199.7903464864,607656.1892764864,607656.1892764864,27674.644521952305,27674.644521952305,27674.644521952305,27674.644521952305,27674.644521952305,27674.644521952305,0.0,0.0,0.0,635330.8337984387
2026-12-11,606883.7415075911,620810.1952546381,651098.3323187788,606883.7415075911,606883.7415075911,29312.38636750187,29312.38636750187,29312.38636750187,29312.38636750187,29312.38636750187,29312.38636750187,0.0,0.0,0.0,636196.127875093
2026-12-12,606111.2937386958,521773.0011326379,551395.8594303532,606111.2937386958,606111.2937386958,-70752.951820105,-70752.951820105,-70752.951820105,-70752.951820105,-70752.951820105,-70752.951820105,0.0,0.0,0.0,535358.3419185908
2026-12-13,605338.8459698005,519256.4396074723,550001.4048105953,605338.8459698005,605338.8459698005,-71066.36249810916,-71066.36249810916,-71066.36249810916,-71066.36249810916,-71066.36249810916,-71066.36249810916,0.0,0.0,0.0,534272.4834716914
2026-12-14,604566.3982009051,617701.333089836,647552.674279486,604566.3982009051,604566.3982009051,27780.70616128902,27780.70616128902,27780.70616128902,27780.70616128902,27780.70616128902,27780.70616128902,0.0,0.0,0.0,632347.1043621941
2026-12-15,603793.9504320096,618232.9001410586,647765.4847539361,603793.9504320096,603793.9504320096,29112.258145751945,29112.258145751945,29112.258145751945,29112.258145751945,29112.258145751945,29112.258145751945,0.0,0.0,0.0,632906.2085777615
2026-12-16,603021.5026631143,616334.2864740238,645806.9916996754,603021.5026631143,603021.5026631143,27939.31912126235,27939.31912126235,27939.31912126235,27939.31912126235,27939.31912126235,27939.31912126235,0.0,0.0,0.0,630960.8217843766
2026-12-17,602249.0548942189,615334.2997033757,644904.7218468091,602249.0548942189,602249.0548942189,27674.644521943665,27674.644521943665,27674.644521943665,27674.644521943665,27674.644521943665,27674.644521943665,0.0,0.0,0.0,629923.6994161626
2026-12-18,601476.6071253236,614773.4959798657,645269.1859224277,601476.6071253236,601476.6071253236,29312.386367791973,29312.386367791973,29312.386367791973,29312.386367791973,29312.386367791973,29312.386367791973,0.0,0.0,0.0,630788.9934931155
2026-12-19,600704.1593564282,514431.0710854797,544661.6843352877,600704.1593564282,600704.1593564282,-70752.95182013688,-70752.95182013688,-70752.95182013688,-70752.95182013688,-70752.95182013688,-70752.95182013688,0.0,0.0,0.0,529951.2075362913
2026-12-20,599931.7115875329,514405.2227233691,544409.932342281,599931.7115875329,599931.7115875329,-71066.3624979891,-71066.3624979891,-71066.3624979891,-71066.3624979891,-71066.3624979891,-71066.3624979891,0.0,0.0,0.0,528865.3490895438
2026-12-21,599159.2638186376,612464.5091187333,641760.9767893312,599159.2638186376,599159.2638186376,27780.706161286358,27780.706161286358,27780.706161286358,27780.706161286358,27780.706161286358,27780.706161286358,0.0,0.0,0.0,626939.9699799239
2026-12-22,598386.8160497422,611791.6185252877,641855.4268958148,598386.8160497422,598386.8160497422,29112.25814568054,29112.25814568054,29112.25814568054,29112.25814568054,29112.25814568054,29112.25814568054,0.0,0.0,0.0,627499.0741954227
2026-12-23,597614.3682808469,610637.4782584057,640147.0139681615,597614.3682808469,597614.3682808469,27939.31912126229,27939.31912126229,27939.31912126229,27939.31912126229,27939.31912126229,27939.31912126229,0.0,0.0,0.0,625553.6874021091
2026-12-24,596841.9205119514,609377.3303306401,640536.3447197225,596841.9205119514,596841.9205119514,27674.644522008584,27674.644522008584,27674.644522008584,27674.644522008584,27674.644522008584,27674.644522008584,0.0,0.0,0.0,624516.56503396
2026-12-25,596069.4727430561,610294.0558709301,640945.8375428839,596069.4727430561,596069.4727430561,29312.386367723706,29312.386367723706,29312.386367723706,29312.386367723706,29312.386367723706,29312.386367723706,0.0,0.0,0.0,625381.8591107798
2026-12-26,595297.0249741607,510092.0400545882,539567.0819560282,595297.0249741607,595297.0249741607,-70752.95182025712,-70752.95182025712,-70752.95182025712,-70752.95182025712,-70752.95182025712,-70752.95182025712,0.0,0.0,0.0,524544.0731539036
2026-12-27,594524.5772052654,508169.03371187486,538607.9901507291,594524.5772052654,594524.5772052654,-71066.36249795878,-71066.36249795878,-71066.36249795878,-71066.36249795878,-71066.36249795878,-71066.36249795878,0.0,0.0,0.0,523458.21470730664
2026-12-28,593752.12943637,607074.5271570354,636578.2494999946,593752.12943637,593752.12943637,27780.70616128368,27780.70616128368,27780.70616128368,27780.70616128368,27780.70616128368,27780.70616128368,0.0,0.0,0.0,621532.8355976536
2026-12-29,592979.6816674747,606305.4812635548,637198.6167772902,592979.6816674747,592979.6816674747,29112.258145800148,29112.258145800148,29112.258145800148,29112.258145800148,29112.258145800148,29112.258145800148,0.0,0.0,0.0,622091.9398132748
2026-12-30,592207.2338985793,606071.516008587,635064.7574670545,592207.2338985793,592207.2338985793,27939.31912126967,27939.31912126967,27939.31912126967,27939.31912126967,27939.31912126967,27939.31912126967,0.0,0.0,0.0,620146.5530198489
2026-12-31,591434.786129684,603941.5701967807,633659.6257704047,591434.786129684,591434.786129684,27674.64452199994,27674.64452199994,27674.64452199994,27674.64452199994,27674.64452199994,27674.64452199994,0.0,0.0,0.0,619109.430651684
2027-01-01,590662.3383607885,605992.6565685064,634964.909655211,590662.3383607885,590662.3383607885,29312.386367724874,29312.386367724874,29312.386367724874,29312.386367724874,29312.386367724874,29312.386367724874,0.0,0.0,0.0,619974.7247285134
2027-01-02,589889.8905918931,504144.1985017194,534097.9407522157,589889.8905918931,589889.8905918931,-70752.95182020067,-70752.95182020067,-70752.95182020067,-70752.95182020067,-70752.95182020067,-70752.95182020067,0.0,0.0,0.0,519136.93877169245
2027-01-03,589117.4428229978,503768.5906815011,533333.8364851912,589117.4428229978,589117.4428229978,-71066.36249820792,-71066.36249820792,-71066.36249820792,-71066.36249820792,-71066.36249820792,-71066.36249820792,0.0,0.0,0.0,518051.08032478986
2027-01-04,588344.9950541025,601330.6125687938,631004.2821209312,588310.2414705179,588416.5063325422,27780.70616142774,27780.70616142774,27780.70616142774,27780.70616142774,27780.70616142774,27780.70616142774,0.0,0.0,0.0,616125.7012155303
2027-01-05,587572.5472852071,601036.6960786371,630262.0986233556,587453.0823915938,587725.530462021,29112.25814577122,29112.25814577122,29112.25814577122,29112.25814577122,29112.25814577122,29112.25814577122,0.0,0.0,0.0,616684.8054309783
2027-01-06,586800.0995163118,599317.4079905425,629218.0810542409,586591.2931089266,587069.6676956653,27939.319121266457,27939.319121266457,27939.319121266457,27939.319121266457,27939.319121266457,27939.319121266457,0.0,0.0,0.0,614739.4186375783
2027-01-07,586027.6517474165,599287.0550777379,628189.9749339449,585679.2451786114,586410.7731926531,27674.644522028077,27674.644522028077,27674.644522028077,27674.644522028077,27674.644522028077,27674.644522028077,0.0,0.0,0.0,613702.2962694445
2027-01-08,585255.203978521,599200.9646488747,629417.0653199414,584759.6249757132,585725.6103307093,29312.386367726034,29312.386367726034,29312.386367726034,29312.386367726034,29312.386367726034,29312.386367726034,0.0,0.0,0.0,614567.5903462471
2027-01-09,584482.7562096256,498964.5910931079,528723.3994874734,583784.2138945744,585095.010177833,-70752.95182003452,-70752.95182003452,-70752.95182003452,-70752.95182003452,-70752.95182003452,-70752.95182003452,0.0,0.0,0.0,513729.8043895911
2027-01-10,583710.3084407303,497591.43047835253,528450.9840282839,582781.5263839532,584472.7455724544,-71066.36249817761,-71066.36249817761,-71066.36249817761,-71066.36249817761,-71066.36249817761,-71066.36249817761,0.0,0.0,0.0,512643.9459425527
2027-01-11,582937.8606718349,595307.4417387763,625626.8514088853,581767.0777966069,583868.1225923111,27780.706161425063,27780.706161425063,27780.706161425063,27780.706161425063,27780.706161425063,27780.706161425063,0.0,0.0,0.0,610718.56683326
2027-01-12,582165.4129029396,596438.1784683767,625296.9080371665,580800.1485221104,583328.574206218,29112.258145784766,29112.258145784766,29112.258145784766,29112.258145784766,29112.258145784766,29112.258145784766,0.0,0.0,0.0,611277.6710487243
2027-01-13,581392.9651340442,594353.4568012916,624081.3087524491,579696.4131384409,582748.1026562674,27939.3191212664,27939.3191212664,27939.3191212664,27939.3191212664,27939.3191212664,27939.3191212664,0.0,0.0,0.0,609332.2842553105
2027-01-14,580620.5173651489,592643.0916896269,623334.3568836566,578669.0763713524,582237.8333514179,27674.644521947364,27674.644521947364,27674.644521947364,27674.644521947364,27674.644521947364,27674.644521947364,0.0,0.0,0.0,608295.1618870962
2027-01-15,579848.0695962535,593434.7680624045,623908.2251977785,577622.5099156896,581672.975425745,29312.386367588333,29312.386367588333,29312.386367588333,29312.386367588333,29312.386367588333,29312.386367588333,0.0,0.0,0.0,609160.4559638418
2027-01-16,579075.621827358,491934.8491709354,522503.4024234851,576635.6444569773,581081.8710930478,-70752.95181997809,-70752.95181997809,-70752.95181997809,-70752.95181997809,-70752.95181997809,-70752.95181997809,0.0,0.0,0.0,508322.67000737996
2027-01-17,578303.1740584627,491110.6682822162,521941.51393604977,575576.1397993247,580657.3886971922,-71066.36249805757,-71066.36249805757,-71066.36249805757,-71066.36249805757,-71066.36249805757,-71066.36249805757,0.0,0.0,0.0,507236.8115604052
2027-01-18,577530.7262895674,589082.0095824599,619696.3768109571,574449.6725091174,580282.1788339381,27780.706161495764,27780.706161495764,27780.706161495764,27780.706161495764,27780.706161495764,27780.706161495764,0.0,0.0,0.0,605311.4324510632
2027-01-19,576758.278520672,591106.3806809376,620609.6131008836,573387.0231021155,579868.5558846458,29112.258145798307,29112.258145798307,29112.258145798307,29112.258145798307,29112.258145798307,29112.258145798307,0.0,0.0,0.0,605870.5366664703
2027-01-20,575985.8307517767,588134.4236947539,619069.8125371005,572335.0019749878,579364.6712172226,27939.319121263194,27939.319121263194,27939.319121263194,27939.319121263194,27939.319121263194,27939.319121263194,0.0,0.0,0.0,603925.1498730399
2027-01-21,575213.3829828814,586789.978301408,618068.7980391716,571235.3618947571,578806.4738448759,27674.644521975508,27674.644521975508,27674.644521975508,27674.644521975508,27674.644521975508,27674.644521975508,0.0,0.0,0.0,602888.0275048569
2027-01-22,574440.935213986,587530.9270040493,619192.2583303335,570147.7132830675,578253.1516502664,29312.386367589494,29312.386367589494,29312.386367589494,29312.386367589494,29312.386367589494,29312.386367589494,0.0,0.0,0.0,603753.3215815754
2027-01-23,573668.4874450905,487846.93188739894,518543.3908574954,569101.7120822405,577850.0487731358,-70752.9518200983,-70752.9518200983,-70752.9518200983,-70752.9518200983,-70752.9518200983,-70752.9518200983,0.0,0.0,0.0,502915.5356249922
2027-01-24,572896.0396761952,486134.81910609716,518309.73246736673,568065.6538033339,577508.041337922,-71066.36249802726,-71066.36249802726,-71066.36249802726,-71066.36249802726,-71066.36249802726,-71066.36249802726,0.0,0.0,0.0,501829.67717816797
2027-01-25,572123.5919072998,584823.7687709414,616163.7585496943,566996.5434272622,577166.9468406823,27780.706161269096,27780.706161269096,27780.706161269096,27780.706161269096,27780.706161269096,27780.706161269096,0.0,0.0,0.0,599904.2980685689
2027-01-26,571351.1441384045,582950.7173756672,615389.7023855099,565863.4817272266,576607.8004058049,29112.25814579052,29112.25814579052,29112.25814579052,29112.25814579052,29112.25814579052,29112.25814579052,0.0,0.0,0.0,600463.4022841951
2027-01-27,570578.6963695092,582822.977080339,615130.2769009373,564815.521888346,576071.3711772988,27939.31912126627,27939.31912126627,27939.31912126627,27939.31912126627,27939.31912126627,27939.31912126627,0.0,0.0,0.0,598518.0154907755
2027-01-28,569806.2486006138,580460.8387217498,613343.8768220822,563616.9932236319,575562.0825656673,27674.644521966857,27674.644521966857,27674.644521966857,27674.644521966857,27674.644521966857,27674.644521966857,0.0,0.0,0.0,597480.8931225806
2027-01-29,569033.8008317185,580688.2656665678,614395.9854713515,562504.6662473427,575018.322998244,29312.386367521227,29312.386367521227,29312.386367521227,29312.386367521227,29312.386367521227,29312.386367521227,0.0,0.0,0.0,598346.1871992397
2027-01-30,568261.3530628232,479366.8262453353,514231.15191390156,561382.3024637292,574687.8540508169,-70752.9518198438,-70752.9518198438,-70752.9518198438,-70752.9518198438,-70752.9518198438,-70752.9518198438,0.0,0.0,0.0,497508.4012429794
